-- root-types-contained: SystemModel_c,PackageableElement_c,DataType_c,CoreDataType_c,UserDataType_c
-- BP 7.1 content: StreamData syschar: 3 persistence-version: 7.1.6

INSERT INTO S_SYS
	VALUES ("d923df31-2d4f-4454-ba3a-3347665a758b",
	'gnc',
	1);
INSERT INTO EP_PKG
	VALUES ("a0463fe9-1f1f-47dc-b337-d8cf17433a29",
	"d923df31-2d4f-4454-ba3a-3347665a758b",
	"d923df31-2d4f-4454-ba3a-3347665a758b",
	'External Entities',
	'',
	0);
INSERT INTO PE_PE
	VALUES ("2fd70a9f-eaa7-4d40-a481-ff861310433e",
	1,
	"a0463fe9-1f1f-47dc-b337-d8cf17433a29",
	"00000000-0000-0000-0000-000000000000",
	5);
INSERT INTO S_EE
	VALUES ("2fd70a9f-eaa7-4d40-a481-ff861310433e",
	'Time',
	'The Time external entity provides date, timestamp, and timer related operations.',
	'TIM',
	"00000000-0000-0000-0000-000000000000",
	'',
	'Time',
	1);
INSERT INTO S_BRG
	VALUES ("7cedef90-3ff6-47cb-865f-f2a4d5cdfb21",
	"2fd70a9f-eaa7-4d40-a481-ff861310433e",
	'current_date',
	'',
	1,
	"ba5eda7a-def5-0000-0000-00000000000e",
	'',
	1,
	'',
	0);
INSERT INTO ACT_BRB
	VALUES ("7075beb0-2956-47e7-b06b-0d5dc0ece9d0",
	"7cedef90-3ff6-47cb-865f-f2a4d5cdfb21");
INSERT INTO ACT_ACT
	VALUES ("7075beb0-2956-47e7-b06b-0d5dc0ece9d0",
	'bridge',
	0,
	"4a1940dd-8aed-4fc5-853d-f4408d52ed9a",
	"00000000-0000-0000-0000-000000000000",
	0,
	'Time::current_date',
	"00000000-0000-0000-0000-000000000000");
INSERT INTO ACT_BLK
	VALUES ("4a1940dd-8aed-4fc5-853d-f4408d52ed9a",
	0,
	0,
	0,
	'',
	'',
	'',
	0,
	0,
	0,
	0,
	0,
	0,
	0,
	0,
	0,
	0,
	0,
	0,
	0,
	"7075beb0-2956-47e7-b06b-0d5dc0ece9d0",
	"00000000-0000-0000-0000-000000000000");
INSERT INTO S_BRG
	VALUES ("885835ed-0d41-44d5-a1b5-7e8007ff883a",
	"2fd70a9f-eaa7-4d40-a481-ff861310433e",
	'create_date',
	'',
	1,
	"ba5eda7a-def5-0000-0000-00000000000e",
	'',
	1,
	'',
	0);
INSERT INTO S_BPARM
	VALUES ("e26eddec-36ab-4e36-b856-1eaa69692c14",
	"885835ed-0d41-44d5-a1b5-7e8007ff883a",
	'second',
	"ba5eda7a-def5-0000-0000-000000000002",
	0,
	'',
	"8c2f8836-521b-4f47-ba97-f9c8309b52f4",
	'');
INSERT INTO S_BPARM
	VALUES ("2ed26ccd-e8f8-4e38-aac7-f825b913f96f",
	"885835ed-0d41-44d5-a1b5-7e8007ff883a",
	'minute',
	"ba5eda7a-def5-0000-0000-000000000002",
	0,
	'',
	"75124bf0-c1ce-4dca-bc91-21ac16396b72",
	'');
INSERT INTO S_BPARM
	VALUES ("75124bf0-c1ce-4dca-bc91-21ac16396b72",
	"885835ed-0d41-44d5-a1b5-7e8007ff883a",
	'hour',
	"ba5eda7a-def5-0000-0000-000000000002",
	0,
	'',
	"95196946-0edf-4e69-b2ad-4b20d5c78fda",
	'');
INSERT INTO S_BPARM
	VALUES ("95196946-0edf-4e69-b2ad-4b20d5c78fda",
	"885835ed-0d41-44d5-a1b5-7e8007ff883a",
	'day',
	"ba5eda7a-def5-0000-0000-000000000002",
	0,
	'',
	"00000000-0000-0000-0000-000000000000",
	'');
INSERT INTO S_BPARM
	VALUES ("8c2f8836-521b-4f47-ba97-f9c8309b52f4",
	"885835ed-0d41-44d5-a1b5-7e8007ff883a",
	'month',
	"ba5eda7a-def5-0000-0000-000000000002",
	0,
	'',
	"2ed26ccd-e8f8-4e38-aac7-f825b913f96f",
	'');
INSERT INTO S_BPARM
	VALUES ("e0545463-2cc1-4caf-b6f4-baff465c1370",
	"885835ed-0d41-44d5-a1b5-7e8007ff883a",
	'year',
	"ba5eda7a-def5-0000-0000-000000000002",
	0,
	'',
	"e26eddec-36ab-4e36-b856-1eaa69692c14",
	'');
INSERT INTO ACT_BRB
	VALUES ("e4c61b59-c749-46fc-b0a6-d36da8ec64fb",
	"885835ed-0d41-44d5-a1b5-7e8007ff883a");
INSERT INTO ACT_ACT
	VALUES ("e4c61b59-c749-46fc-b0a6-d36da8ec64fb",
	'bridge',
	0,
	"ce219c5b-357f-482f-8ef7-262f27c3ca52",
	"00000000-0000-0000-0000-000000000000",
	0,
	'Time::create_date',
	"00000000-0000-0000-0000-000000000000");
INSERT INTO ACT_BLK
	VALUES ("ce219c5b-357f-482f-8ef7-262f27c3ca52",
	0,
	0,
	0,
	'',
	'',
	'',
	0,
	0,
	0,
	0,
	0,
	0,
	0,
	0,
	0,
	0,
	0,
	0,
	0,
	"e4c61b59-c749-46fc-b0a6-d36da8ec64fb",
	"00000000-0000-0000-0000-000000000000");
INSERT INTO S_BRG
	VALUES ("0de4654f-76f7-44f5-ad32-307f6f132e9e",
	"2fd70a9f-eaa7-4d40-a481-ff861310433e",
	'get_second',
	'',
	1,
	"ba5eda7a-def5-0000-0000-000000000002",
	'',
	1,
	'',
	0);
INSERT INTO S_BPARM
	VALUES ("4e33a7dd-1a67-4b85-8dbc-2b8c12bacc71",
	"0de4654f-76f7-44f5-ad32-307f6f132e9e",
	'date',
	"ba5eda7a-def5-0000-0000-00000000000e",
	0,
	'',
	"00000000-0000-0000-0000-000000000000",
	'');
INSERT INTO ACT_BRB
	VALUES ("dac1939d-f8a4-4c52-8b95-abb9d1788651",
	"0de4654f-76f7-44f5-ad32-307f6f132e9e");
INSERT INTO ACT_ACT
	VALUES ("dac1939d-f8a4-4c52-8b95-abb9d1788651",
	'bridge',
	0,
	"1b74d575-d4c6-4a65-8e1f-357875a23fd1",
	"00000000-0000-0000-0000-000000000000",
	0,
	'Time::get_second',
	"00000000-0000-0000-0000-000000000000");
INSERT INTO ACT_BLK
	VALUES ("1b74d575-d4c6-4a65-8e1f-357875a23fd1",
	0,
	0,
	0,
	'',
	'',
	'',
	0,
	0,
	0,
	0,
	0,
	0,
	0,
	0,
	0,
	0,
	0,
	0,
	0,
	"dac1939d-f8a4-4c52-8b95-abb9d1788651",
	"00000000-0000-0000-0000-000000000000");
INSERT INTO S_BRG
	VALUES ("506ec051-e809-4ad3-838c-dbcce43a116c",
	"2fd70a9f-eaa7-4d40-a481-ff861310433e",
	'get_minute',
	'',
	1,
	"ba5eda7a-def5-0000-0000-000000000002",
	'',
	1,
	'',
	0);
INSERT INTO S_BPARM
	VALUES ("095f3f5c-db7f-4e4a-9bda-63ac8efeeab6",
	"506ec051-e809-4ad3-838c-dbcce43a116c",
	'date',
	"ba5eda7a-def5-0000-0000-00000000000e",
	0,
	'',
	"00000000-0000-0000-0000-000000000000",
	'');
INSERT INTO ACT_BRB
	VALUES ("b3ccb260-81c3-4bcd-ac0e-2e6e9df542b9",
	"506ec051-e809-4ad3-838c-dbcce43a116c");
INSERT INTO ACT_ACT
	VALUES ("b3ccb260-81c3-4bcd-ac0e-2e6e9df542b9",
	'bridge',
	0,
	"74c2baee-e743-4c97-a9a5-f4af2ebcab1e",
	"00000000-0000-0000-0000-000000000000",
	0,
	'Time::get_minute',
	"00000000-0000-0000-0000-000000000000");
INSERT INTO ACT_BLK
	VALUES ("74c2baee-e743-4c97-a9a5-f4af2ebcab1e",
	0,
	0,
	0,
	'',
	'',
	'',
	0,
	0,
	0,
	0,
	0,
	0,
	0,
	0,
	0,
	0,
	0,
	0,
	0,
	"b3ccb260-81c3-4bcd-ac0e-2e6e9df542b9",
	"00000000-0000-0000-0000-000000000000");
INSERT INTO S_BRG
	VALUES ("d91d2b03-9a66-47ef-9dac-87b57f9266a8",
	"2fd70a9f-eaa7-4d40-a481-ff861310433e",
	'get_hour',
	'',
	1,
	"ba5eda7a-def5-0000-0000-000000000002",
	'',
	1,
	'',
	0);
INSERT INTO S_BPARM
	VALUES ("eeeb6b29-233f-4034-92c3-3480f65cfd43",
	"d91d2b03-9a66-47ef-9dac-87b57f9266a8",
	'date',
	"ba5eda7a-def5-0000-0000-00000000000e",
	0,
	'',
	"00000000-0000-0000-0000-000000000000",
	'');
INSERT INTO ACT_BRB
	VALUES ("8c5743d3-099a-47c6-b0a0-e7ce3d51b806",
	"d91d2b03-9a66-47ef-9dac-87b57f9266a8");
INSERT INTO ACT_ACT
	VALUES ("8c5743d3-099a-47c6-b0a0-e7ce3d51b806",
	'bridge',
	0,
	"2768dbd2-eef7-4b85-9e28-229b4472d4c0",
	"00000000-0000-0000-0000-000000000000",
	0,
	'Time::get_hour',
	"00000000-0000-0000-0000-000000000000");
INSERT INTO ACT_BLK
	VALUES ("2768dbd2-eef7-4b85-9e28-229b4472d4c0",
	0,
	0,
	0,
	'',
	'',
	'',
	0,
	0,
	0,
	0,
	0,
	0,
	0,
	0,
	0,
	0,
	0,
	0,
	0,
	"8c5743d3-099a-47c6-b0a0-e7ce3d51b806",
	"00000000-0000-0000-0000-000000000000");
INSERT INTO S_BRG
	VALUES ("05736629-401d-4624-8114-cfffe7db2ff0",
	"2fd70a9f-eaa7-4d40-a481-ff861310433e",
	'get_day',
	'',
	1,
	"ba5eda7a-def5-0000-0000-000000000002",
	'',
	1,
	'',
	0);
INSERT INTO S_BPARM
	VALUES ("136fa754-90f9-476a-84af-8c0f0f4c6c2a",
	"05736629-401d-4624-8114-cfffe7db2ff0",
	'date',
	"ba5eda7a-def5-0000-0000-00000000000e",
	0,
	'',
	"00000000-0000-0000-0000-000000000000",
	'');
INSERT INTO ACT_BRB
	VALUES ("ba1ae639-5f94-4a2e-be4b-e7dbb6a51415",
	"05736629-401d-4624-8114-cfffe7db2ff0");
INSERT INTO ACT_ACT
	VALUES ("ba1ae639-5f94-4a2e-be4b-e7dbb6a51415",
	'bridge',
	0,
	"a7f6b84e-2b94-4b51-a898-b2446da505c8",
	"00000000-0000-0000-0000-000000000000",
	0,
	'Time::get_day',
	"00000000-0000-0000-0000-000000000000");
INSERT INTO ACT_BLK
	VALUES ("a7f6b84e-2b94-4b51-a898-b2446da505c8",
	0,
	0,
	0,
	'',
	'',
	'',
	0,
	0,
	0,
	0,
	0,
	0,
	0,
	0,
	0,
	0,
	0,
	0,
	0,
	"ba1ae639-5f94-4a2e-be4b-e7dbb6a51415",
	"00000000-0000-0000-0000-000000000000");
INSERT INTO S_BRG
	VALUES ("23a621c8-1743-46d0-9f13-3f7faa7dec6a",
	"2fd70a9f-eaa7-4d40-a481-ff861310433e",
	'get_month',
	'',
	1,
	"ba5eda7a-def5-0000-0000-000000000002",
	'',
	1,
	'',
	0);
INSERT INTO S_BPARM
	VALUES ("5754c5a5-c178-4367-8077-e0151b686a96",
	"23a621c8-1743-46d0-9f13-3f7faa7dec6a",
	'date',
	"ba5eda7a-def5-0000-0000-00000000000e",
	0,
	'',
	"00000000-0000-0000-0000-000000000000",
	'');
INSERT INTO ACT_BRB
	VALUES ("1d043fcf-9165-46b2-9d72-724e7dbc2993",
	"23a621c8-1743-46d0-9f13-3f7faa7dec6a");
INSERT INTO ACT_ACT
	VALUES ("1d043fcf-9165-46b2-9d72-724e7dbc2993",
	'bridge',
	0,
	"b40c2d50-ec00-4aff-a2e1-bc0f7ec72edd",
	"00000000-0000-0000-0000-000000000000",
	0,
	'Time::get_month',
	"00000000-0000-0000-0000-000000000000");
INSERT INTO ACT_BLK
	VALUES ("b40c2d50-ec00-4aff-a2e1-bc0f7ec72edd",
	0,
	0,
	0,
	'',
	'',
	'',
	0,
	0,
	0,
	0,
	0,
	0,
	0,
	0,
	0,
	0,
	0,
	0,
	0,
	"1d043fcf-9165-46b2-9d72-724e7dbc2993",
	"00000000-0000-0000-0000-000000000000");
INSERT INTO S_BRG
	VALUES ("22dd5f8d-8ec0-480b-aa7c-c2b3c5155230",
	"2fd70a9f-eaa7-4d40-a481-ff861310433e",
	'get_year',
	'',
	1,
	"ba5eda7a-def5-0000-0000-000000000002",
	'',
	1,
	'',
	0);
INSERT INTO S_BPARM
	VALUES ("b068413b-fb88-4844-9237-7b9648f4a69e",
	"22dd5f8d-8ec0-480b-aa7c-c2b3c5155230",
	'date',
	"ba5eda7a-def5-0000-0000-00000000000e",
	0,
	'',
	"00000000-0000-0000-0000-000000000000",
	'');
INSERT INTO ACT_BRB
	VALUES ("c4e96abd-b94e-49c2-b978-557e9c86be30",
	"22dd5f8d-8ec0-480b-aa7c-c2b3c5155230");
INSERT INTO ACT_ACT
	VALUES ("c4e96abd-b94e-49c2-b978-557e9c86be30",
	'bridge',
	0,
	"e564e31d-73fe-4c10-8ce6-27c68c72548d",
	"00000000-0000-0000-0000-000000000000",
	0,
	'Time::get_year',
	"00000000-0000-0000-0000-000000000000");
INSERT INTO ACT_BLK
	VALUES ("e564e31d-73fe-4c10-8ce6-27c68c72548d",
	0,
	0,
	0,
	'',
	'',
	'',
	0,
	0,
	0,
	0,
	0,
	0,
	0,
	0,
	0,
	0,
	0,
	0,
	0,
	"c4e96abd-b94e-49c2-b978-557e9c86be30",
	"00000000-0000-0000-0000-000000000000");
INSERT INTO S_BRG
	VALUES ("eccc3978-a3d3-4735-8b47-3973a041f799",
	"2fd70a9f-eaa7-4d40-a481-ff861310433e",
	'current_clock',
	'',
	1,
	"ba5eda7a-def5-0000-0000-000000000010",
	'',
	1,
	'',
	0);
INSERT INTO ACT_BRB
	VALUES ("9e05f194-ea81-41b9-a040-3fff61cb5e3c",
	"eccc3978-a3d3-4735-8b47-3973a041f799");
INSERT INTO ACT_ACT
	VALUES ("9e05f194-ea81-41b9-a040-3fff61cb5e3c",
	'bridge',
	0,
	"2dd8e25d-b18c-408b-9c4b-89eddc3f38d4",
	"00000000-0000-0000-0000-000000000000",
	0,
	'Time::current_clock',
	"00000000-0000-0000-0000-000000000000");
INSERT INTO ACT_BLK
	VALUES ("2dd8e25d-b18c-408b-9c4b-89eddc3f38d4",
	0,
	0,
	0,
	'',
	'',
	'',
	0,
	0,
	0,
	0,
	0,
	0,
	0,
	0,
	0,
	0,
	0,
	0,
	0,
	"9e05f194-ea81-41b9-a040-3fff61cb5e3c",
	"00000000-0000-0000-0000-000000000000");
INSERT INTO S_BRG
	VALUES ("012516b5-2372-4c49-bcac-48cf3499122a",
	"2fd70a9f-eaa7-4d40-a481-ff861310433e",
	'timer_start',
	'This bridge operation starts a timer set to expire in the specified number of
microseconds, generating the passed event upon expiration. Returns the instance
handle of the timer.',
	1,
	"ba5eda7a-def5-0000-0000-00000000000f",
	'',
	1,
	'',
	0);
INSERT INTO S_BPARM
	VALUES ("fec87e8d-6d3c-4d19-9c2b-b629eefd2276",
	"012516b5-2372-4c49-bcac-48cf3499122a",
	'microseconds',
	"ba5eda7a-def5-0000-0000-000000000002",
	0,
	'',
	"47ecb3cc-fc05-47d4-afc1-693328b6c942",
	'');
INSERT INTO S_BPARM
	VALUES ("47ecb3cc-fc05-47d4-afc1-693328b6c942",
	"012516b5-2372-4c49-bcac-48cf3499122a",
	'event_inst',
	"ba5eda7a-def5-0000-0000-00000000000a",
	0,
	'',
	"00000000-0000-0000-0000-000000000000",
	'');
INSERT INTO ACT_BRB
	VALUES ("e616c47c-2ced-44be-bf83-506a1f78e4ee",
	"012516b5-2372-4c49-bcac-48cf3499122a");
INSERT INTO ACT_ACT
	VALUES ("e616c47c-2ced-44be-bf83-506a1f78e4ee",
	'bridge',
	0,
	"5ff8a0f1-22dc-45bf-af7f-a752afd2f0c1",
	"00000000-0000-0000-0000-000000000000",
	0,
	'Time::timer_start',
	"00000000-0000-0000-0000-000000000000");
INSERT INTO ACT_BLK
	VALUES ("5ff8a0f1-22dc-45bf-af7f-a752afd2f0c1",
	0,
	0,
	0,
	'',
	'',
	'',
	0,
	0,
	0,
	0,
	0,
	0,
	0,
	0,
	0,
	0,
	0,
	0,
	0,
	"e616c47c-2ced-44be-bf83-506a1f78e4ee",
	"00000000-0000-0000-0000-000000000000");
INSERT INTO S_BRG
	VALUES ("49b9f9b5-3671-4cad-8867-684dfc6f2ff7",
	"2fd70a9f-eaa7-4d40-a481-ff861310433e",
	'timer_start_recurring',
	'This bridge operation starts a timer set to expire in the specified number of
microseconds, generating the passed event upon expiration. Upon expiration, the
timer will be restarted and fire again in the specified number of microseconds
generating the passed event. This bridge operation returns the instance handle
of the timer.',
	1,
	"ba5eda7a-def5-0000-0000-00000000000f",
	'',
	1,
	'',
	0);
INSERT INTO S_BPARM
	VALUES ("0006b186-f90c-446a-9b32-fbeb81f82b83",
	"49b9f9b5-3671-4cad-8867-684dfc6f2ff7",
	'microseconds',
	"ba5eda7a-def5-0000-0000-000000000002",
	0,
	'',
	"11f05ffe-227e-4e23-a720-4313facbac55",
	'');
INSERT INTO S_BPARM
	VALUES ("11f05ffe-227e-4e23-a720-4313facbac55",
	"49b9f9b5-3671-4cad-8867-684dfc6f2ff7",
	'event_inst',
	"ba5eda7a-def5-0000-0000-00000000000a",
	0,
	'',
	"00000000-0000-0000-0000-000000000000",
	'');
INSERT INTO ACT_BRB
	VALUES ("93c58869-ffed-478e-a326-878c53345623",
	"49b9f9b5-3671-4cad-8867-684dfc6f2ff7");
INSERT INTO ACT_ACT
	VALUES ("93c58869-ffed-478e-a326-878c53345623",
	'bridge',
	0,
	"60f9dcd9-02d3-429f-b6bd-ab2c5229e380",
	"00000000-0000-0000-0000-000000000000",
	0,
	'Time::timer_start_recurring',
	"00000000-0000-0000-0000-000000000000");
INSERT INTO ACT_BLK
	VALUES ("60f9dcd9-02d3-429f-b6bd-ab2c5229e380",
	0,
	0,
	0,
	'',
	'',
	'',
	0,
	0,
	0,
	0,
	0,
	0,
	0,
	0,
	0,
	0,
	0,
	0,
	0,
	"93c58869-ffed-478e-a326-878c53345623",
	"00000000-0000-0000-0000-000000000000");
INSERT INTO S_BRG
	VALUES ("b2c8f339-b0a5-4e8a-b153-0267d79f5781",
	"2fd70a9f-eaa7-4d40-a481-ff861310433e",
	'timer_remaining_time',
	'Returns the time remaining (in microseconds) for the passed timer instance. If
the timer has expired, a zero value is returned.',
	1,
	"ba5eda7a-def5-0000-0000-000000000002",
	'',
	1,
	'',
	0);
INSERT INTO S_BPARM
	VALUES ("9666bafd-8990-4372-9988-4618b7b9be38",
	"b2c8f339-b0a5-4e8a-b153-0267d79f5781",
	'timer_inst_ref',
	"ba5eda7a-def5-0000-0000-00000000000f",
	0,
	'',
	"00000000-0000-0000-0000-000000000000",
	'');
INSERT INTO ACT_BRB
	VALUES ("9ecb5f9d-fa28-4e69-acb9-70ce4ec05075",
	"b2c8f339-b0a5-4e8a-b153-0267d79f5781");
INSERT INTO ACT_ACT
	VALUES ("9ecb5f9d-fa28-4e69-acb9-70ce4ec05075",
	'bridge',
	0,
	"2de28560-fb89-4ec9-aa4f-3f6938201fd8",
	"00000000-0000-0000-0000-000000000000",
	0,
	'Time::timer_remaining_time',
	"00000000-0000-0000-0000-000000000000");
INSERT INTO ACT_BLK
	VALUES ("2de28560-fb89-4ec9-aa4f-3f6938201fd8",
	0,
	0,
	0,
	'',
	'',
	'',
	0,
	0,
	0,
	0,
	0,
	0,
	0,
	0,
	0,
	0,
	0,
	0,
	0,
	"9ecb5f9d-fa28-4e69-acb9-70ce4ec05075",
	"00000000-0000-0000-0000-000000000000");
INSERT INTO S_BRG
	VALUES ("ca97dd11-5044-44e3-8f4e-1b2a3b6f76d4",
	"2fd70a9f-eaa7-4d40-a481-ff861310433e",
	'timer_reset_time',
	'This bridge operation attempts to set the passed existing timer to expire in
the specified number of microseconds. If the timer exists (that is, it has not
expired), a TRUE value is returned. If the timer no longer exists, a FALSE value
is returned.',
	1,
	"ba5eda7a-def5-0000-0000-000000000001",
	'',
	1,
	'',
	0);
INSERT INTO S_BPARM
	VALUES ("b06bfb31-6f55-427e-9334-14b888ff1d20",
	"ca97dd11-5044-44e3-8f4e-1b2a3b6f76d4",
	'timer_inst_ref',
	"ba5eda7a-def5-0000-0000-00000000000f",
	0,
	'',
	"24f4f888-57da-472b-9a64-d4bc284b78aa",
	'');
INSERT INTO S_BPARM
	VALUES ("24f4f888-57da-472b-9a64-d4bc284b78aa",
	"ca97dd11-5044-44e3-8f4e-1b2a3b6f76d4",
	'microseconds',
	"ba5eda7a-def5-0000-0000-000000000002",
	0,
	'',
	"00000000-0000-0000-0000-000000000000",
	'');
INSERT INTO ACT_BRB
	VALUES ("a2e6aeda-5b12-41a9-8253-220a7da1cafa",
	"ca97dd11-5044-44e3-8f4e-1b2a3b6f76d4");
INSERT INTO ACT_ACT
	VALUES ("a2e6aeda-5b12-41a9-8253-220a7da1cafa",
	'bridge',
	0,
	"40e5f49e-f158-43a0-8445-9ffca978b098",
	"00000000-0000-0000-0000-000000000000",
	0,
	'Time::timer_reset_time',
	"00000000-0000-0000-0000-000000000000");
INSERT INTO ACT_BLK
	VALUES ("40e5f49e-f158-43a0-8445-9ffca978b098",
	0,
	0,
	0,
	'',
	'',
	'',
	0,
	0,
	0,
	0,
	0,
	0,
	0,
	0,
	0,
	0,
	0,
	0,
	0,
	"a2e6aeda-5b12-41a9-8253-220a7da1cafa",
	"00000000-0000-0000-0000-000000000000");
INSERT INTO S_BRG
	VALUES ("f0cb027c-a974-4074-a8d5-c2c83b70c67a",
	"2fd70a9f-eaa7-4d40-a481-ff861310433e",
	'timer_add_time',
	'This bridge operation attempts to add the specified number of microseconds to a
passed existing timer. If the timer exists (that is, it has not expired), a TRUE
value is returned. If the timer no longer exists, a FALSE value is returned.',
	1,
	"ba5eda7a-def5-0000-0000-000000000001",
	'',
	1,
	'',
	0);
INSERT INTO S_BPARM
	VALUES ("11329069-afb1-43bf-a9a3-0c9755931c05",
	"f0cb027c-a974-4074-a8d5-c2c83b70c67a",
	'timer_inst_ref',
	"ba5eda7a-def5-0000-0000-00000000000f",
	0,
	'',
	"005c5ae9-3661-4f79-a4e3-b6ae086be86b",
	'');
INSERT INTO S_BPARM
	VALUES ("005c5ae9-3661-4f79-a4e3-b6ae086be86b",
	"f0cb027c-a974-4074-a8d5-c2c83b70c67a",
	'microseconds',
	"ba5eda7a-def5-0000-0000-000000000002",
	0,
	'',
	"00000000-0000-0000-0000-000000000000",
	'');
INSERT INTO ACT_BRB
	VALUES ("8b24e415-fb10-4b52-88d9-0dc121fe428d",
	"f0cb027c-a974-4074-a8d5-c2c83b70c67a");
INSERT INTO ACT_ACT
	VALUES ("8b24e415-fb10-4b52-88d9-0dc121fe428d",
	'bridge',
	0,
	"136cc9e0-68e2-40c0-94da-264eec485dee",
	"00000000-0000-0000-0000-000000000000",
	0,
	'Time::timer_add_time',
	"00000000-0000-0000-0000-000000000000");
INSERT INTO ACT_BLK
	VALUES ("136cc9e0-68e2-40c0-94da-264eec485dee",
	0,
	0,
	0,
	'',
	'',
	'',
	0,
	0,
	0,
	0,
	0,
	0,
	0,
	0,
	0,
	0,
	0,
	0,
	0,
	"8b24e415-fb10-4b52-88d9-0dc121fe428d",
	"00000000-0000-0000-0000-000000000000");
INSERT INTO S_BRG
	VALUES ("d749e717-9081-4287-9128-876514c2a5c9",
	"2fd70a9f-eaa7-4d40-a481-ff861310433e",
	'timer_cancel',
	'This bridge operation cancels and deletes the passed timer instance. If the 
timer exists (that is, it had not expired), a TRUE value is returned. If the
timer no longer exists, a FALSE value is returned.',
	1,
	"ba5eda7a-def5-0000-0000-000000000001",
	'',
	1,
	'',
	0);
INSERT INTO S_BPARM
	VALUES ("5a8c78a4-7963-42d8-8e92-bcbecc0c513e",
	"d749e717-9081-4287-9128-876514c2a5c9",
	'timer_inst_ref',
	"ba5eda7a-def5-0000-0000-00000000000f",
	0,
	'',
	"00000000-0000-0000-0000-000000000000",
	'');
INSERT INTO ACT_BRB
	VALUES ("81184439-c65c-4a67-8b75-74f3711f1004",
	"d749e717-9081-4287-9128-876514c2a5c9");
INSERT INTO ACT_ACT
	VALUES ("81184439-c65c-4a67-8b75-74f3711f1004",
	'bridge',
	0,
	"2308ff06-a4a0-4adb-858a-99aab98ae488",
	"00000000-0000-0000-0000-000000000000",
	0,
	'Time::timer_cancel',
	"00000000-0000-0000-0000-000000000000");
INSERT INTO ACT_BLK
	VALUES ("2308ff06-a4a0-4adb-858a-99aab98ae488",
	0,
	0,
	0,
	'',
	'',
	'',
	0,
	0,
	0,
	0,
	0,
	0,
	0,
	0,
	0,
	0,
	0,
	0,
	0,
	"81184439-c65c-4a67-8b75-74f3711f1004",
	"00000000-0000-0000-0000-000000000000");
INSERT INTO PE_PE
	VALUES ("f0d72ff6-19c9-44dc-88e1-94d22801ccee",
	1,
	"a0463fe9-1f1f-47dc-b337-d8cf17433a29",
	"00000000-0000-0000-0000-000000000000",
	5);
INSERT INTO S_EE
	VALUES ("f0d72ff6-19c9-44dc-88e1-94d22801ccee",
	'Architecture',
	'',
	'ARCH',
	"00000000-0000-0000-0000-000000000000",
	'',
	'Architecture',
	1);
INSERT INTO S_BRG
	VALUES ("01612056-7900-41ae-ad03-f233e1da0a84",
	"f0d72ff6-19c9-44dc-88e1-94d22801ccee",
	'shutdown',
	'',
	0,
	"ba5eda7a-def5-0000-0000-000000000000",
	'control stop;',
	1,
	'',
	0);
INSERT INTO ACT_BRB
	VALUES ("2dbc845e-481a-4d50-a74f-47cc1e9a3914",
	"01612056-7900-41ae-ad03-f233e1da0a84");
INSERT INTO ACT_ACT
	VALUES ("2dbc845e-481a-4d50-a74f-47cc1e9a3914",
	'bridge',
	0,
	"49fa4184-18f5-43de-ac92-b64517c7eca7",
	"00000000-0000-0000-0000-000000000000",
	0,
	'Architecture::shutdown',
	"00000000-0000-0000-0000-000000000000");
INSERT INTO ACT_BLK
	VALUES ("49fa4184-18f5-43de-ac92-b64517c7eca7",
	0,
	0,
	0,
	'',
	'',
	'',
	1,
	1,
	0,
	0,
	0,
	0,
	0,
	0,
	0,
	0,
	0,
	0,
	0,
	"2dbc845e-481a-4d50-a74f-47cc1e9a3914",
	"00000000-0000-0000-0000-000000000000");
INSERT INTO ACT_SMT
	VALUES ("3987ab7e-f821-4de9-bde5-2fe7607fed5e",
	"49fa4184-18f5-43de-ac92-b64517c7eca7",
	"00000000-0000-0000-0000-000000000000",
	1,
	1,
	'Architecture::shutdown line: 1');
INSERT INTO ACT_CTL
	VALUES ("3987ab7e-f821-4de9-bde5-2fe7607fed5e");
INSERT INTO PE_PE
	VALUES ("36aedb1b-4cbf-4535-9bcb-f7b134d7e174",
	1,
	"a0463fe9-1f1f-47dc-b337-d8cf17433a29",
	"00000000-0000-0000-0000-000000000000",
	5);
INSERT INTO S_EE
	VALUES ("36aedb1b-4cbf-4535-9bcb-f7b134d7e174",
	'Logging',
	'',
	'LOG',
	"00000000-0000-0000-0000-000000000000",
	'',
	'Logging',
	1);
INSERT INTO S_BRG
	VALUES ("b65db544-13fe-459b-9436-379c46f3f884",
	"36aedb1b-4cbf-4535-9bcb-f7b134d7e174",
	'LogSuccess',
	'',
	0,
	"ba5eda7a-def5-0000-0000-000000000000",
	'',
	1,
	'',
	0);
INSERT INTO S_BPARM
	VALUES ("1b690e45-945a-4138-aaf9-971ac7b80bdb",
	"b65db544-13fe-459b-9436-379c46f3f884",
	'message',
	"ba5eda7a-def5-0000-0000-000000000004",
	0,
	'',
	"00000000-0000-0000-0000-000000000000",
	'');
INSERT INTO ACT_BRB
	VALUES ("eb9ed8a6-13b4-4d8e-9d42-6e536a8fe609",
	"b65db544-13fe-459b-9436-379c46f3f884");
INSERT INTO ACT_ACT
	VALUES ("eb9ed8a6-13b4-4d8e-9d42-6e536a8fe609",
	'bridge',
	0,
	"f89e3a77-11c3-4713-9018-1c9fcd48ad3f",
	"00000000-0000-0000-0000-000000000000",
	0,
	'Logging::LogSuccess',
	"00000000-0000-0000-0000-000000000000");
INSERT INTO ACT_BLK
	VALUES ("f89e3a77-11c3-4713-9018-1c9fcd48ad3f",
	0,
	0,
	0,
	'',
	'',
	'',
	0,
	0,
	0,
	0,
	0,
	0,
	0,
	0,
	0,
	0,
	0,
	0,
	0,
	"eb9ed8a6-13b4-4d8e-9d42-6e536a8fe609",
	"00000000-0000-0000-0000-000000000000");
INSERT INTO S_BRG
	VALUES ("26845840-b5bb-49bf-8a74-624a2a16e1cb",
	"36aedb1b-4cbf-4535-9bcb-f7b134d7e174",
	'LogFailure',
	'',
	0,
	"ba5eda7a-def5-0000-0000-000000000000",
	'',
	1,
	'',
	0);
INSERT INTO S_BPARM
	VALUES ("447876ec-a5c7-4c70-992a-e5777aacf5cd",
	"26845840-b5bb-49bf-8a74-624a2a16e1cb",
	'message',
	"ba5eda7a-def5-0000-0000-000000000004",
	0,
	'',
	"00000000-0000-0000-0000-000000000000",
	'');
INSERT INTO ACT_BRB
	VALUES ("5757ba3d-303a-4aa0-ab28-39407083eef7",
	"26845840-b5bb-49bf-8a74-624a2a16e1cb");
INSERT INTO ACT_ACT
	VALUES ("5757ba3d-303a-4aa0-ab28-39407083eef7",
	'bridge',
	0,
	"63d41f44-636b-44c6-8e0f-8a6d535d39a9",
	"00000000-0000-0000-0000-000000000000",
	0,
	'Logging::LogFailure',
	"00000000-0000-0000-0000-000000000000");
INSERT INTO ACT_BLK
	VALUES ("63d41f44-636b-44c6-8e0f-8a6d535d39a9",
	0,
	0,
	0,
	'',
	'',
	'',
	0,
	0,
	0,
	0,
	0,
	0,
	0,
	0,
	0,
	0,
	0,
	0,
	0,
	"5757ba3d-303a-4aa0-ab28-39407083eef7",
	"00000000-0000-0000-0000-000000000000");
INSERT INTO S_BRG
	VALUES ("c4857b04-079f-4db0-947c-e1895ef20ea4",
	"36aedb1b-4cbf-4535-9bcb-f7b134d7e174",
	'LogInfo',
	'',
	0,
	"ba5eda7a-def5-0000-0000-000000000000",
	'',
	1,
	'',
	0);
INSERT INTO S_BPARM
	VALUES ("92cfb361-9539-48da-928e-44aceb487d80",
	"c4857b04-079f-4db0-947c-e1895ef20ea4",
	'message',
	"ba5eda7a-def5-0000-0000-000000000004",
	0,
	'',
	"00000000-0000-0000-0000-000000000000",
	'');
INSERT INTO ACT_BRB
	VALUES ("6f757e57-085d-4ede-a076-2ef4e3b0aab7",
	"c4857b04-079f-4db0-947c-e1895ef20ea4");
INSERT INTO ACT_ACT
	VALUES ("6f757e57-085d-4ede-a076-2ef4e3b0aab7",
	'bridge',
	0,
	"d1d8c41b-482f-4bff-9627-3970ec570d10",
	"00000000-0000-0000-0000-000000000000",
	0,
	'Logging::LogInfo',
	"00000000-0000-0000-0000-000000000000");
INSERT INTO ACT_BLK
	VALUES ("d1d8c41b-482f-4bff-9627-3970ec570d10",
	0,
	0,
	0,
	'',
	'',
	'',
	0,
	0,
	0,
	0,
	0,
	0,
	0,
	0,
	0,
	0,
	0,
	0,
	0,
	"6f757e57-085d-4ede-a076-2ef4e3b0aab7",
	"00000000-0000-0000-0000-000000000000");
INSERT INTO S_BRG
	VALUES ("6ed19ffe-b20e-4e1b-9dd0-93ce8b47d42b",
	"36aedb1b-4cbf-4535-9bcb-f7b134d7e174",
	'LogDate',
	'',
	0,
	"ba5eda7a-def5-0000-0000-000000000000",
	'',
	1,
	'',
	0);
INSERT INTO S_BPARM
	VALUES ("fb65973c-ceb7-450f-8981-a8ce6822e2de",
	"6ed19ffe-b20e-4e1b-9dd0-93ce8b47d42b",
	'd',
	"ba5eda7a-def5-0000-0000-00000000000e",
	0,
	'',
	"00000000-0000-0000-0000-000000000000",
	'');
INSERT INTO S_BPARM
	VALUES ("da6ae748-69cb-4fd9-9355-f3beb44f4ce1",
	"6ed19ffe-b20e-4e1b-9dd0-93ce8b47d42b",
	'message',
	"ba5eda7a-def5-0000-0000-000000000004",
	0,
	'',
	"fb65973c-ceb7-450f-8981-a8ce6822e2de",
	'');
INSERT INTO ACT_BRB
	VALUES ("196dbb0d-25a9-44fb-a726-c2e104af6e4b",
	"6ed19ffe-b20e-4e1b-9dd0-93ce8b47d42b");
INSERT INTO ACT_ACT
	VALUES ("196dbb0d-25a9-44fb-a726-c2e104af6e4b",
	'bridge',
	0,
	"c34932bd-5e9b-4dad-a70a-1cf32390481e",
	"00000000-0000-0000-0000-000000000000",
	0,
	'Logging::LogDate',
	"00000000-0000-0000-0000-000000000000");
INSERT INTO ACT_BLK
	VALUES ("c34932bd-5e9b-4dad-a70a-1cf32390481e",
	0,
	0,
	0,
	'',
	'',
	'',
	0,
	0,
	0,
	0,
	0,
	0,
	0,
	0,
	0,
	0,
	0,
	0,
	0,
	"196dbb0d-25a9-44fb-a726-c2e104af6e4b",
	"00000000-0000-0000-0000-000000000000");
INSERT INTO S_BRG
	VALUES ("b332a79e-f2af-4c5d-847d-d39ccb1153c7",
	"36aedb1b-4cbf-4535-9bcb-f7b134d7e174",
	'LogTime',
	'',
	0,
	"ba5eda7a-def5-0000-0000-000000000000",
	'',
	1,
	'',
	0);
INSERT INTO S_BPARM
	VALUES ("fc4ab462-604f-439c-a0a2-3276f17853a0",
	"b332a79e-f2af-4c5d-847d-d39ccb1153c7",
	't',
	"ba5eda7a-def5-0000-0000-000000000010",
	0,
	'',
	"9fe61b3c-a2ce-41ea-b42e-a05fe4c6b91b",
	'');
INSERT INTO S_BPARM
	VALUES ("9fe61b3c-a2ce-41ea-b42e-a05fe4c6b91b",
	"b332a79e-f2af-4c5d-847d-d39ccb1153c7",
	'message',
	"ba5eda7a-def5-0000-0000-000000000004",
	0,
	'',
	"00000000-0000-0000-0000-000000000000",
	'');
INSERT INTO ACT_BRB
	VALUES ("ad8a2b33-7fac-40b7-a4f2-2ebb5f68cde6",
	"b332a79e-f2af-4c5d-847d-d39ccb1153c7");
INSERT INTO ACT_ACT
	VALUES ("ad8a2b33-7fac-40b7-a4f2-2ebb5f68cde6",
	'bridge',
	0,
	"41e43ab8-dab1-4a20-8038-3419474167d0",
	"00000000-0000-0000-0000-000000000000",
	0,
	'Logging::LogTime',
	"00000000-0000-0000-0000-000000000000");
INSERT INTO ACT_BLK
	VALUES ("41e43ab8-dab1-4a20-8038-3419474167d0",
	0,
	0,
	0,
	'',
	'',
	'',
	0,
	0,
	0,
	0,
	0,
	0,
	0,
	0,
	0,
	0,
	0,
	0,
	0,
	"ad8a2b33-7fac-40b7-a4f2-2ebb5f68cde6",
	"00000000-0000-0000-0000-000000000000");
INSERT INTO S_BRG
	VALUES ("4d8d47cc-720d-46e5-ae28-e54cd975a427",
	"36aedb1b-4cbf-4535-9bcb-f7b134d7e174",
	'LogReal',
	'',
	0,
	"ba5eda7a-def5-0000-0000-000000000000",
	'',
	1,
	'',
	0);
INSERT INTO S_BPARM
	VALUES ("d31c8f8b-38b0-4ada-8945-5ba88d4fc6f5",
	"4d8d47cc-720d-46e5-ae28-e54cd975a427",
	'r',
	"ba5eda7a-def5-0000-0000-000000000003",
	0,
	'',
	"060aba76-3308-4400-aa11-0843cf3c8b7a",
	'');
INSERT INTO S_BPARM
	VALUES ("060aba76-3308-4400-aa11-0843cf3c8b7a",
	"4d8d47cc-720d-46e5-ae28-e54cd975a427",
	'message',
	"ba5eda7a-def5-0000-0000-000000000004",
	0,
	'',
	"00000000-0000-0000-0000-000000000000",
	'');
INSERT INTO ACT_BRB
	VALUES ("5029a6d1-947f-4e93-84e0-395ac7b15a18",
	"4d8d47cc-720d-46e5-ae28-e54cd975a427");
INSERT INTO ACT_ACT
	VALUES ("5029a6d1-947f-4e93-84e0-395ac7b15a18",
	'bridge',
	0,
	"1b2c5554-de55-4d4f-b601-dc9934658f1c",
	"00000000-0000-0000-0000-000000000000",
	0,
	'Logging::LogReal',
	"00000000-0000-0000-0000-000000000000");
INSERT INTO ACT_BLK
	VALUES ("1b2c5554-de55-4d4f-b601-dc9934658f1c",
	0,
	0,
	0,
	'',
	'',
	'',
	0,
	0,
	0,
	0,
	0,
	0,
	0,
	0,
	0,
	0,
	0,
	0,
	0,
	"5029a6d1-947f-4e93-84e0-395ac7b15a18",
	"00000000-0000-0000-0000-000000000000");
INSERT INTO S_BRG
	VALUES ("b7d2a809-9794-4b40-87e1-b7c0686375e0",
	"36aedb1b-4cbf-4535-9bcb-f7b134d7e174",
	'LogInteger',
	'',
	0,
	"ba5eda7a-def5-0000-0000-000000000000",
	'',
	1,
	'',
	0);
INSERT INTO S_BPARM
	VALUES ("5b5bf126-0e25-42a2-bb8e-0aa375d5b213",
	"b7d2a809-9794-4b40-87e1-b7c0686375e0",
	'message',
	"ba5eda7a-def5-0000-0000-000000000002",
	0,
	'',
	"00000000-0000-0000-0000-000000000000",
	'');
INSERT INTO ACT_BRB
	VALUES ("639f1591-301a-4659-8934-c27c73947be6",
	"b7d2a809-9794-4b40-87e1-b7c0686375e0");
INSERT INTO ACT_ACT
	VALUES ("639f1591-301a-4659-8934-c27c73947be6",
	'bridge',
	0,
	"f85fe1d2-deaf-41f4-b89d-ea94eaa64b32",
	"00000000-0000-0000-0000-000000000000",
	0,
	'Logging::LogInteger',
	"00000000-0000-0000-0000-000000000000");
INSERT INTO ACT_BLK
	VALUES ("f85fe1d2-deaf-41f4-b89d-ea94eaa64b32",
	0,
	0,
	0,
	'',
	'',
	'',
	0,
	0,
	0,
	0,
	0,
	0,
	0,
	0,
	0,
	0,
	0,
	0,
	0,
	"639f1591-301a-4659-8934-c27c73947be6",
	"00000000-0000-0000-0000-000000000000");
INSERT INTO EP_PKG
	VALUES ("0924fcd2-185c-4c76-b1c2-5ce790f1ba0a",
	"d923df31-2d4f-4454-ba3a-3347665a758b",
	"d923df31-2d4f-4454-ba3a-3347665a758b",
	'Interfaces',
	'',
	0);
INSERT INTO PE_PE
	VALUES ("78776ad7-dffd-4126-8217-a913ac6e4bc8",
	1,
	"0924fcd2-185c-4c76-b1c2-5ce790f1ba0a",
	"00000000-0000-0000-0000-000000000000",
	6);
INSERT INTO C_I
	VALUES ("78776ad7-dffd-4126-8217-a913ac6e4bc8",
	"00000000-0000-0000-0000-000000000000",
	'mavcontrol',
	'');
INSERT INTO C_EP
	VALUES ("b00324c5-e272-4a60-96b2-1a40dbbdea3e",
	"78776ad7-dffd-4126-8217-a913ac6e4bc8",
	-1,
	'init',
	'');
INSERT INTO C_IO
	VALUES ("b00324c5-e272-4a60-96b2-1a40dbbdea3e",
	"ba5eda7a-def5-0000-0000-000000000000",
	'init',
	'',
	0,
	'',
	"00000000-0000-0000-0000-000000000000");
INSERT INTO C_EP
	VALUES ("7642e709-1eb0-4ab6-86f5-a945e4e95c17",
	"78776ad7-dffd-4126-8217-a913ac6e4bc8",
	-1,
	'takeoff',
	'');
INSERT INTO C_IO
	VALUES ("7642e709-1eb0-4ab6-86f5-a945e4e95c17",
	"ba5eda7a-def5-0000-0000-000000000000",
	'takeoff',
	'',
	0,
	'',
	"b00324c5-e272-4a60-96b2-1a40dbbdea3e");
INSERT INTO C_PP
	VALUES ("82188d43-e348-4d1f-89d7-47f817a84ae6",
	"7642e709-1eb0-4ab6-86f5-a945e4e95c17",
	"ba5eda7a-def5-0000-0000-000000000003",
	'alt',
	'',
	0,
	'',
	"00000000-0000-0000-0000-000000000000");
INSERT INTO C_EP
	VALUES ("37d0542f-1ab7-4216-b4a8-2c23dffc0456",
	"78776ad7-dffd-4126-8217-a913ac6e4bc8",
	-1,
	'land',
	'');
INSERT INTO C_IO
	VALUES ("37d0542f-1ab7-4216-b4a8-2c23dffc0456",
	"ba5eda7a-def5-0000-0000-000000000000",
	'land',
	'',
	0,
	'',
	"7642e709-1eb0-4ab6-86f5-a945e4e95c17");
INSERT INTO C_EP
	VALUES ("c53d4966-9097-4e62-8e45-bb3b7522378a",
	"78776ad7-dffd-4126-8217-a913ac6e4bc8",
	-1,
	'arm',
	'');
INSERT INTO C_IO
	VALUES ("c53d4966-9097-4e62-8e45-bb3b7522378a",
	"ba5eda7a-def5-0000-0000-000000000000",
	'arm',
	'',
	0,
	'',
	"37d0542f-1ab7-4216-b4a8-2c23dffc0456");
INSERT INTO C_EP
	VALUES ("248f2941-48bf-4a2e-99ad-74a5d3b2f279",
	"78776ad7-dffd-4126-8217-a913ac6e4bc8",
	-1,
	'set_destination',
	'');
INSERT INTO C_IO
	VALUES ("248f2941-48bf-4a2e-99ad-74a5d3b2f279",
	"ba5eda7a-def5-0000-0000-000000000000",
	'set_destination',
	'',
	0,
	'',
	"c53d4966-9097-4e62-8e45-bb3b7522378a");
INSERT INTO C_PP
	VALUES ("7f707e01-0f0a-48c7-afd8-8245ae5ea78d",
	"248f2941-48bf-4a2e-99ad-74a5d3b2f279",
	"ba5eda7a-def5-0000-0000-000000000003",
	'x',
	'',
	0,
	'',
	"00000000-0000-0000-0000-000000000000");
INSERT INTO C_PP
	VALUES ("a91a89dc-0d33-4ff1-9a4a-2367638a7031",
	"248f2941-48bf-4a2e-99ad-74a5d3b2f279",
	"ba5eda7a-def5-0000-0000-000000000003",
	'y',
	'',
	0,
	'',
	"7f707e01-0f0a-48c7-afd8-8245ae5ea78d");
INSERT INTO C_PP
	VALUES ("a760ebd0-ab62-475c-b0ee-4c8528096f1d",
	"248f2941-48bf-4a2e-99ad-74a5d3b2f279",
	"ba5eda7a-def5-0000-0000-000000000003",
	'z',
	'',
	0,
	'',
	"a91a89dc-0d33-4ff1-9a4a-2367638a7031");
INSERT INTO C_EP
	VALUES ("c4c94ad5-cb8c-4b6d-94fd-23aafcb1bc52",
	"78776ad7-dffd-4126-8217-a913ac6e4bc8",
	-1,
	'set_heading',
	'');
INSERT INTO C_IO
	VALUES ("c4c94ad5-cb8c-4b6d-94fd-23aafcb1bc52",
	"ba5eda7a-def5-0000-0000-000000000000",
	'set_heading',
	'',
	0,
	'',
	"248f2941-48bf-4a2e-99ad-74a5d3b2f279");
INSERT INTO C_PP
	VALUES ("d4a22d73-9f5f-4533-8c78-eab99944cb1f",
	"c4c94ad5-cb8c-4b6d-94fd-23aafcb1bc52",
	"ba5eda7a-def5-0000-0000-000000000003",
	'heading',
	'',
	0,
	'',
	"00000000-0000-0000-0000-000000000000");
INSERT INTO C_EP
	VALUES ("7576d5e0-2683-4a42-967a-ddb25a458620",
	"78776ad7-dffd-4126-8217-a913ac6e4bc8",
	-1,
	'get_heading',
	'');
INSERT INTO C_IO
	VALUES ("7576d5e0-2683-4a42-967a-ddb25a458620",
	"ba5eda7a-def5-0000-0000-000000000003",
	'get_heading',
	'',
	0,
	'',
	"c4c94ad5-cb8c-4b6d-94fd-23aafcb1bc52");
INSERT INTO C_EP
	VALUES ("e2e61698-b9dc-4911-95c7-79872095f0dd",
	"78776ad7-dffd-4126-8217-a913ac6e4bc8",
	-1,
	'ready',
	'');
INSERT INTO C_IO
	VALUES ("e2e61698-b9dc-4911-95c7-79872095f0dd",
	"ba5eda7a-def5-0000-0000-000000000000",
	'ready',
	'',
	1,
	'',
	"7576d5e0-2683-4a42-967a-ddb25a458620");
INSERT INTO EP_PKG
	VALUES ("d6c08bc7-df25-4898-bea8-769bd5ae2334",
	"d923df31-2d4f-4454-ba3a-3347665a758b",
	"d923df31-2d4f-4454-ba3a-3347665a758b",
	'Library',
	'',
	0);
INSERT INTO PE_PE
	VALUES ("8564596e-96e2-44e8-b970-aaa1a7d3b8bc",
	1,
	"d6c08bc7-df25-4898-bea8-769bd5ae2334",
	"00000000-0000-0000-0000-000000000000",
	2);
INSERT INTO C_C
	VALUES ("8564596e-96e2-44e8-b970-aaa1a7d3b8bc",
	"00000000-0000-0000-0000-000000000000",
	"00000000-0000-0000-0000-000000000000",
	'MAV',
	'',
	0,
	"00000000-0000-0000-0000-000000000000",
	0,
	'');
INSERT INTO C_PO
	VALUES ("9df3483a-ab97-4ee7-8415-9b4b161408e2",
	"8564596e-96e2-44e8-b970-aaa1a7d3b8bc",
	'Port1',
	0,
	0);
INSERT INTO C_IR
	VALUES ("93221829-0135-489c-961a-9d42c4252036",
	"78776ad7-dffd-4126-8217-a913ac6e4bc8",
	"00000000-0000-0000-0000-000000000000",
	"9df3483a-ab97-4ee7-8415-9b4b161408e2");
INSERT INTO C_P
	VALUES ("93221829-0135-489c-961a-9d42c4252036",
	'mavcontrol',
	'Unnamed Interface',
	'',
	'MAV::Port1::mavcontrol');
INSERT INTO SPR_PEP
	VALUES ("2cdfb96e-bbce-4f74-8ed5-32bfa6461a0a",
	"b00324c5-e272-4a60-96b2-1a40dbbdea3e",
	"93221829-0135-489c-961a-9d42c4252036");
INSERT INTO SPR_PO
	VALUES ("2cdfb96e-bbce-4f74-8ed5-32bfa6461a0a",
	'init',
	'',
	'',
	1,
	0);
INSERT INTO ACT_POB
	VALUES ("27a1743a-f428-445d-9706-05439e53a673",
	"2cdfb96e-bbce-4f74-8ed5-32bfa6461a0a");
INSERT INTO ACT_ACT
	VALUES ("27a1743a-f428-445d-9706-05439e53a673",
	'interface operation',
	0,
	"befe8ef8-d3e6-41fc-a367-bfbaa08c6096",
	"00000000-0000-0000-0000-000000000000",
	0,
	'Port1::mavcontrol::init',
	"00000000-0000-0000-0000-000000000000");
INSERT INTO ACT_BLK
	VALUES ("befe8ef8-d3e6-41fc-a367-bfbaa08c6096",
	0,
	0,
	0,
	'',
	'',
	'',
	0,
	0,
	0,
	0,
	0,
	0,
	0,
	0,
	0,
	0,
	0,
	0,
	0,
	"27a1743a-f428-445d-9706-05439e53a673",
	"00000000-0000-0000-0000-000000000000");
INSERT INTO SPR_PEP
	VALUES ("17b9223c-4fbe-4528-9d24-88e8c6b169cb",
	"7642e709-1eb0-4ab6-86f5-a945e4e95c17",
	"93221829-0135-489c-961a-9d42c4252036");
INSERT INTO SPR_PO
	VALUES ("17b9223c-4fbe-4528-9d24-88e8c6b169cb",
	'takeoff',
	'',
	'',
	1,
	0);
INSERT INTO ACT_POB
	VALUES ("aca4f2ba-4676-425b-8f5b-72f2d06e9979",
	"17b9223c-4fbe-4528-9d24-88e8c6b169cb");
INSERT INTO ACT_ACT
	VALUES ("aca4f2ba-4676-425b-8f5b-72f2d06e9979",
	'interface operation',
	0,
	"00c1631c-e1d8-4b3e-8045-dd7c6a5489ab",
	"00000000-0000-0000-0000-000000000000",
	0,
	'Port1::mavcontrol::takeoff',
	"00000000-0000-0000-0000-000000000000");
INSERT INTO ACT_BLK
	VALUES ("00c1631c-e1d8-4b3e-8045-dd7c6a5489ab",
	0,
	0,
	0,
	'',
	'',
	'',
	0,
	0,
	0,
	0,
	0,
	0,
	0,
	0,
	0,
	0,
	0,
	0,
	0,
	"aca4f2ba-4676-425b-8f5b-72f2d06e9979",
	"00000000-0000-0000-0000-000000000000");
INSERT INTO SPR_PEP
	VALUES ("843b9758-6f7e-434f-80e7-cbe244ffbe3f",
	"37d0542f-1ab7-4216-b4a8-2c23dffc0456",
	"93221829-0135-489c-961a-9d42c4252036");
INSERT INTO SPR_PO
	VALUES ("843b9758-6f7e-434f-80e7-cbe244ffbe3f",
	'land',
	'',
	'',
	1,
	0);
INSERT INTO ACT_POB
	VALUES ("e329e9d8-900c-48b1-97ab-9f1ac33182c7",
	"843b9758-6f7e-434f-80e7-cbe244ffbe3f");
INSERT INTO ACT_ACT
	VALUES ("e329e9d8-900c-48b1-97ab-9f1ac33182c7",
	'interface operation',
	0,
	"fdd6d996-8f1e-4aa5-8205-01c60ec051bc",
	"00000000-0000-0000-0000-000000000000",
	0,
	'Port1::mavcontrol::land',
	"00000000-0000-0000-0000-000000000000");
INSERT INTO ACT_BLK
	VALUES ("fdd6d996-8f1e-4aa5-8205-01c60ec051bc",
	0,
	0,
	0,
	'',
	'',
	'',
	0,
	0,
	0,
	0,
	0,
	0,
	0,
	0,
	0,
	0,
	0,
	0,
	0,
	"e329e9d8-900c-48b1-97ab-9f1ac33182c7",
	"00000000-0000-0000-0000-000000000000");
INSERT INTO SPR_PEP
	VALUES ("5485bf8e-c85a-4150-857c-8bb2aec093d7",
	"c53d4966-9097-4e62-8e45-bb3b7522378a",
	"93221829-0135-489c-961a-9d42c4252036");
INSERT INTO SPR_PO
	VALUES ("5485bf8e-c85a-4150-857c-8bb2aec093d7",
	'arm',
	'',
	'',
	1,
	0);
INSERT INTO ACT_POB
	VALUES ("3349c828-2dac-48a8-9bb9-63de39277088",
	"5485bf8e-c85a-4150-857c-8bb2aec093d7");
INSERT INTO ACT_ACT
	VALUES ("3349c828-2dac-48a8-9bb9-63de39277088",
	'interface operation',
	0,
	"ecd69e46-e69e-409f-9ad1-d70d9c011132",
	"00000000-0000-0000-0000-000000000000",
	0,
	'Port1::mavcontrol::arm',
	"00000000-0000-0000-0000-000000000000");
INSERT INTO ACT_BLK
	VALUES ("ecd69e46-e69e-409f-9ad1-d70d9c011132",
	0,
	0,
	0,
	'',
	'',
	'',
	0,
	0,
	0,
	0,
	0,
	0,
	0,
	0,
	0,
	0,
	0,
	0,
	0,
	"3349c828-2dac-48a8-9bb9-63de39277088",
	"00000000-0000-0000-0000-000000000000");
INSERT INTO SPR_PEP
	VALUES ("9594ac6d-f38c-4123-b2f9-00a11f9f948b",
	"248f2941-48bf-4a2e-99ad-74a5d3b2f279",
	"93221829-0135-489c-961a-9d42c4252036");
INSERT INTO SPR_PO
	VALUES ("9594ac6d-f38c-4123-b2f9-00a11f9f948b",
	'set_destination',
	'',
	'',
	1,
	0);
INSERT INTO ACT_POB
	VALUES ("ba1569e9-137c-4f2a-8e30-8b29393f5430",
	"9594ac6d-f38c-4123-b2f9-00a11f9f948b");
INSERT INTO ACT_ACT
	VALUES ("ba1569e9-137c-4f2a-8e30-8b29393f5430",
	'interface operation',
	0,
	"d67611d3-49ad-40ab-bbe2-2e8d2d22c422",
	"00000000-0000-0000-0000-000000000000",
	0,
	'Port1::mavcontrol::set_destination',
	"00000000-0000-0000-0000-000000000000");
INSERT INTO ACT_BLK
	VALUES ("d67611d3-49ad-40ab-bbe2-2e8d2d22c422",
	0,
	0,
	0,
	'',
	'',
	'',
	0,
	0,
	0,
	0,
	0,
	0,
	0,
	0,
	0,
	0,
	0,
	0,
	0,
	"ba1569e9-137c-4f2a-8e30-8b29393f5430",
	"00000000-0000-0000-0000-000000000000");
INSERT INTO SPR_PEP
	VALUES ("0754e734-d3da-4fa8-bff4-fad81e3b5d4b",
	"c4c94ad5-cb8c-4b6d-94fd-23aafcb1bc52",
	"93221829-0135-489c-961a-9d42c4252036");
INSERT INTO SPR_PO
	VALUES ("0754e734-d3da-4fa8-bff4-fad81e3b5d4b",
	'set_heading',
	'',
	'',
	1,
	0);
INSERT INTO ACT_POB
	VALUES ("6bdd05f1-bb56-4b97-9101-824a04cb9050",
	"0754e734-d3da-4fa8-bff4-fad81e3b5d4b");
INSERT INTO ACT_ACT
	VALUES ("6bdd05f1-bb56-4b97-9101-824a04cb9050",
	'interface operation',
	0,
	"4b63de57-e7b0-436e-83b1-4a4d8aa5f039",
	"00000000-0000-0000-0000-000000000000",
	0,
	'Port1::mavcontrol::set_heading',
	"00000000-0000-0000-0000-000000000000");
INSERT INTO ACT_BLK
	VALUES ("4b63de57-e7b0-436e-83b1-4a4d8aa5f039",
	0,
	0,
	0,
	'',
	'',
	'',
	0,
	0,
	0,
	0,
	0,
	0,
	0,
	0,
	0,
	0,
	0,
	0,
	0,
	"6bdd05f1-bb56-4b97-9101-824a04cb9050",
	"00000000-0000-0000-0000-000000000000");
INSERT INTO SPR_PEP
	VALUES ("5c3a02de-f488-46e9-8f8d-6c65ac369468",
	"7576d5e0-2683-4a42-967a-ddb25a458620",
	"93221829-0135-489c-961a-9d42c4252036");
INSERT INTO SPR_PO
	VALUES ("5c3a02de-f488-46e9-8f8d-6c65ac369468",
	'get_heading',
	'',
	'',
	1,
	0);
INSERT INTO ACT_POB
	VALUES ("4e166690-5394-433c-abef-9055dcf9a484",
	"5c3a02de-f488-46e9-8f8d-6c65ac369468");
INSERT INTO ACT_ACT
	VALUES ("4e166690-5394-433c-abef-9055dcf9a484",
	'interface operation',
	0,
	"906752c5-8ccc-4e23-96c3-5338ce7bb09d",
	"00000000-0000-0000-0000-000000000000",
	0,
	'Port1::mavcontrol::get_heading',
	"00000000-0000-0000-0000-000000000000");
INSERT INTO ACT_BLK
	VALUES ("906752c5-8ccc-4e23-96c3-5338ce7bb09d",
	0,
	0,
	0,
	'',
	'',
	'',
	0,
	0,
	0,
	0,
	0,
	0,
	0,
	0,
	0,
	0,
	0,
	0,
	0,
	"4e166690-5394-433c-abef-9055dcf9a484",
	"00000000-0000-0000-0000-000000000000");
INSERT INTO SPR_PEP
	VALUES ("c5523a0f-b436-48b9-a89f-15e0267e2379",
	"e2e61698-b9dc-4911-95c7-79872095f0dd",
	"93221829-0135-489c-961a-9d42c4252036");
INSERT INTO SPR_PO
	VALUES ("c5523a0f-b436-48b9-a89f-15e0267e2379",
	'ready',
	'',
	'',
	1,
	0);
INSERT INTO ACT_POB
	VALUES ("18a9f034-ae1a-4dee-b0c6-26e1d5108efb",
	"c5523a0f-b436-48b9-a89f-15e0267e2379");
INSERT INTO ACT_ACT
	VALUES ("18a9f034-ae1a-4dee-b0c6-26e1d5108efb",
	'interface operation',
	0,
	"13fadca5-8843-4387-a9ab-415e1531955e",
	"00000000-0000-0000-0000-000000000000",
	0,
	'Port1::mavcontrol::ready',
	"00000000-0000-0000-0000-000000000000");
INSERT INTO ACT_BLK
	VALUES ("13fadca5-8843-4387-a9ab-415e1531955e",
	0,
	0,
	0,
	'',
	'',
	'',
	0,
	0,
	0,
	0,
	0,
	0,
	0,
	0,
	0,
	0,
	0,
	0,
	0,
	"18a9f034-ae1a-4dee-b0c6-26e1d5108efb",
	"00000000-0000-0000-0000-000000000000");
INSERT INTO PE_PE
	VALUES ("0d80503a-3f90-42a8-a2a9-2f52ccd4308f",
	1,
	"d6c08bc7-df25-4898-bea8-769bd5ae2334",
	"00000000-0000-0000-0000-000000000000",
	2);
INSERT INTO C_C
	VALUES ("0d80503a-3f90-42a8-a2a9-2f52ccd4308f",
	"00000000-0000-0000-0000-000000000000",
	"00000000-0000-0000-0000-000000000000",
	'Control',
	'',
	0,
	"00000000-0000-0000-0000-000000000000",
	0,
	'');
INSERT INTO C_PO
	VALUES ("bada52a0-1256-430d-8579-634b9c323fea",
	"0d80503a-3f90-42a8-a2a9-2f52ccd4308f",
	'Port1',
	0,
	0);
INSERT INTO C_IR
	VALUES ("33610dbc-6887-421d-81c6-740629675b3d",
	"78776ad7-dffd-4126-8217-a913ac6e4bc8",
	"00000000-0000-0000-0000-000000000000",
	"bada52a0-1256-430d-8579-634b9c323fea");
INSERT INTO C_R
	VALUES ("33610dbc-6887-421d-81c6-740629675b3d",
	'mavcontrol',
	'',
	'Unnamed Interface',
	'Control::Port1::mavcontrol');
INSERT INTO SPR_REP
	VALUES ("e84f3860-934a-4425-83e4-2c5983065d6e",
	"b00324c5-e272-4a60-96b2-1a40dbbdea3e",
	"33610dbc-6887-421d-81c6-740629675b3d");
INSERT INTO SPR_RO
	VALUES ("e84f3860-934a-4425-83e4-2c5983065d6e",
	'init',
	'',
	'',
	1,
	0);
INSERT INTO ACT_ROB
	VALUES ("859b20f7-d765-48e1-9b30-962358dabb4b",
	"e84f3860-934a-4425-83e4-2c5983065d6e");
INSERT INTO ACT_ACT
	VALUES ("859b20f7-d765-48e1-9b30-962358dabb4b",
	'interface operation',
	0,
	"b171cfef-1762-4dbd-bb27-6c4ef8747fea",
	"00000000-0000-0000-0000-000000000000",
	0,
	'Port1::mavcontrol::init',
	"00000000-0000-0000-0000-000000000000");
INSERT INTO ACT_BLK
	VALUES ("b171cfef-1762-4dbd-bb27-6c4ef8747fea",
	0,
	0,
	0,
	'',
	'',
	'',
	0,
	0,
	0,
	0,
	0,
	0,
	0,
	0,
	0,
	0,
	0,
	0,
	0,
	"859b20f7-d765-48e1-9b30-962358dabb4b",
	"00000000-0000-0000-0000-000000000000");
INSERT INTO SPR_REP
	VALUES ("786f401b-dc06-4f89-95d6-805158b17282",
	"7642e709-1eb0-4ab6-86f5-a945e4e95c17",
	"33610dbc-6887-421d-81c6-740629675b3d");
INSERT INTO SPR_RO
	VALUES ("786f401b-dc06-4f89-95d6-805158b17282",
	'takeoff',
	'',
	'',
	1,
	0);
INSERT INTO ACT_ROB
	VALUES ("7862850f-7874-4d00-b61e-f5e0627f0517",
	"786f401b-dc06-4f89-95d6-805158b17282");
INSERT INTO ACT_ACT
	VALUES ("7862850f-7874-4d00-b61e-f5e0627f0517",
	'interface operation',
	0,
	"812e9ded-6eec-4d9d-8a64-5170e926d5a4",
	"00000000-0000-0000-0000-000000000000",
	0,
	'Port1::mavcontrol::takeoff',
	"00000000-0000-0000-0000-000000000000");
INSERT INTO ACT_BLK
	VALUES ("812e9ded-6eec-4d9d-8a64-5170e926d5a4",
	0,
	0,
	0,
	'',
	'',
	'',
	0,
	0,
	0,
	0,
	0,
	0,
	0,
	0,
	0,
	0,
	0,
	0,
	0,
	"7862850f-7874-4d00-b61e-f5e0627f0517",
	"00000000-0000-0000-0000-000000000000");
INSERT INTO SPR_REP
	VALUES ("ea4468fa-4b20-4012-8e54-d298c549ee90",
	"37d0542f-1ab7-4216-b4a8-2c23dffc0456",
	"33610dbc-6887-421d-81c6-740629675b3d");
INSERT INTO SPR_RO
	VALUES ("ea4468fa-4b20-4012-8e54-d298c549ee90",
	'land',
	'',
	'',
	1,
	0);
INSERT INTO ACT_ROB
	VALUES ("1ac2ad79-652d-45ed-97a1-9818ec6d1c28",
	"ea4468fa-4b20-4012-8e54-d298c549ee90");
INSERT INTO ACT_ACT
	VALUES ("1ac2ad79-652d-45ed-97a1-9818ec6d1c28",
	'interface operation',
	0,
	"81f08365-43d2-4613-9a11-fcd0868cd0c4",
	"00000000-0000-0000-0000-000000000000",
	0,
	'Port1::mavcontrol::land',
	"00000000-0000-0000-0000-000000000000");
INSERT INTO ACT_BLK
	VALUES ("81f08365-43d2-4613-9a11-fcd0868cd0c4",
	0,
	0,
	0,
	'',
	'',
	'',
	0,
	0,
	0,
	0,
	0,
	0,
	0,
	0,
	0,
	0,
	0,
	0,
	0,
	"1ac2ad79-652d-45ed-97a1-9818ec6d1c28",
	"00000000-0000-0000-0000-000000000000");
INSERT INTO SPR_REP
	VALUES ("94117eda-9f0d-4f5e-af02-0148334dd3a9",
	"c53d4966-9097-4e62-8e45-bb3b7522378a",
	"33610dbc-6887-421d-81c6-740629675b3d");
INSERT INTO SPR_RO
	VALUES ("94117eda-9f0d-4f5e-af02-0148334dd3a9",
	'arm',
	'',
	'',
	1,
	0);
INSERT INTO ACT_ROB
	VALUES ("24360c19-bdf8-424b-9ccd-36308d8a4d19",
	"94117eda-9f0d-4f5e-af02-0148334dd3a9");
INSERT INTO ACT_ACT
	VALUES ("24360c19-bdf8-424b-9ccd-36308d8a4d19",
	'interface operation',
	0,
	"7fe16b01-db3a-47a2-bd03-cb7c66d37538",
	"00000000-0000-0000-0000-000000000000",
	0,
	'Port1::mavcontrol::arm',
	"00000000-0000-0000-0000-000000000000");
INSERT INTO ACT_BLK
	VALUES ("7fe16b01-db3a-47a2-bd03-cb7c66d37538",
	0,
	0,
	0,
	'',
	'',
	'',
	0,
	0,
	0,
	0,
	0,
	0,
	0,
	0,
	0,
	0,
	0,
	0,
	0,
	"24360c19-bdf8-424b-9ccd-36308d8a4d19",
	"00000000-0000-0000-0000-000000000000");
INSERT INTO SPR_REP
	VALUES ("0b7b0648-980a-4657-9783-453131e6af11",
	"248f2941-48bf-4a2e-99ad-74a5d3b2f279",
	"33610dbc-6887-421d-81c6-740629675b3d");
INSERT INTO SPR_RO
	VALUES ("0b7b0648-980a-4657-9783-453131e6af11",
	'set_destination',
	'',
	'',
	1,
	0);
INSERT INTO ACT_ROB
	VALUES ("2ccf1d36-e7d9-4c5f-a921-ebfbd7d56404",
	"0b7b0648-980a-4657-9783-453131e6af11");
INSERT INTO ACT_ACT
	VALUES ("2ccf1d36-e7d9-4c5f-a921-ebfbd7d56404",
	'interface operation',
	0,
	"9c49f6b3-f4fe-40a9-9232-57d37bbdb91e",
	"00000000-0000-0000-0000-000000000000",
	0,
	'Port1::mavcontrol::set_destination',
	"00000000-0000-0000-0000-000000000000");
INSERT INTO ACT_BLK
	VALUES ("9c49f6b3-f4fe-40a9-9232-57d37bbdb91e",
	0,
	0,
	0,
	'',
	'',
	'',
	0,
	0,
	0,
	0,
	0,
	0,
	0,
	0,
	0,
	0,
	0,
	0,
	0,
	"2ccf1d36-e7d9-4c5f-a921-ebfbd7d56404",
	"00000000-0000-0000-0000-000000000000");
INSERT INTO SPR_REP
	VALUES ("55afac66-d149-4d24-9466-0c4a6f48dcf5",
	"c4c94ad5-cb8c-4b6d-94fd-23aafcb1bc52",
	"33610dbc-6887-421d-81c6-740629675b3d");
INSERT INTO SPR_RO
	VALUES ("55afac66-d149-4d24-9466-0c4a6f48dcf5",
	'set_heading',
	'',
	'',
	1,
	0);
INSERT INTO ACT_ROB
	VALUES ("afa682c0-6978-4841-9eab-54ae817936cd",
	"55afac66-d149-4d24-9466-0c4a6f48dcf5");
INSERT INTO ACT_ACT
	VALUES ("afa682c0-6978-4841-9eab-54ae817936cd",
	'interface operation',
	0,
	"33c5c6a0-dc2d-4d9a-8fc2-9a04cf5e896e",
	"00000000-0000-0000-0000-000000000000",
	0,
	'Port1::mavcontrol::set_heading',
	"00000000-0000-0000-0000-000000000000");
INSERT INTO ACT_BLK
	VALUES ("33c5c6a0-dc2d-4d9a-8fc2-9a04cf5e896e",
	0,
	0,
	0,
	'',
	'',
	'',
	0,
	0,
	0,
	0,
	0,
	0,
	0,
	0,
	0,
	0,
	0,
	0,
	0,
	"afa682c0-6978-4841-9eab-54ae817936cd",
	"00000000-0000-0000-0000-000000000000");
INSERT INTO SPR_REP
	VALUES ("d3b00f4a-2ff0-4200-9566-b7eba7d85c94",
	"7576d5e0-2683-4a42-967a-ddb25a458620",
	"33610dbc-6887-421d-81c6-740629675b3d");
INSERT INTO SPR_RO
	VALUES ("d3b00f4a-2ff0-4200-9566-b7eba7d85c94",
	'get_heading',
	'',
	'',
	1,
	0);
INSERT INTO ACT_ROB
	VALUES ("8da91e63-e38f-4aff-a16d-a977a845001c",
	"d3b00f4a-2ff0-4200-9566-b7eba7d85c94");
INSERT INTO ACT_ACT
	VALUES ("8da91e63-e38f-4aff-a16d-a977a845001c",
	'interface operation',
	0,
	"a2a7e4b0-ee24-4757-80db-8b916d2c5cd9",
	"00000000-0000-0000-0000-000000000000",
	0,
	'Port1::mavcontrol::get_heading',
	"00000000-0000-0000-0000-000000000000");
INSERT INTO ACT_BLK
	VALUES ("a2a7e4b0-ee24-4757-80db-8b916d2c5cd9",
	0,
	0,
	0,
	'',
	'',
	'',
	0,
	0,
	0,
	0,
	0,
	0,
	0,
	0,
	0,
	0,
	0,
	0,
	0,
	"8da91e63-e38f-4aff-a16d-a977a845001c",
	"00000000-0000-0000-0000-000000000000");
INSERT INTO SPR_REP
	VALUES ("f864983a-f5f2-4a40-ae2f-8dbaf0842d15",
	"e2e61698-b9dc-4911-95c7-79872095f0dd",
	"33610dbc-6887-421d-81c6-740629675b3d");
INSERT INTO SPR_RO
	VALUES ("f864983a-f5f2-4a40-ae2f-8dbaf0842d15",
	'ready',
	'',
	'select any ctrl from Controller;
generate Controller2:''ready'' to ctrl;
',
	1,
	0);
INSERT INTO ACT_ROB
	VALUES ("53fdfd19-a24b-40e4-ac72-986d190cb215",
	"f864983a-f5f2-4a40-ae2f-8dbaf0842d15");
INSERT INTO ACT_ACT
	VALUES ("53fdfd19-a24b-40e4-ac72-986d190cb215",
	'interface operation',
	0,
	"49f9742e-2b17-433c-b4a9-8c4742cef13c",
	"00000000-0000-0000-0000-000000000000",
	0,
	'Port1::mavcontrol::ready',
	"00000000-0000-0000-0000-000000000000");
INSERT INTO ACT_BLK
	VALUES ("49f9742e-2b17-433c-b4a9-8c4742cef13c",
	1,
	0,
	0,
	'V_VAR.Var_ID',
	'',
	'',
	2,
	1,
	1,
	22,
	0,
	0,
	0,
	0,
	0,
	0,
	0,
	0,
	0,
	"53fdfd19-a24b-40e4-ac72-986d190cb215",
	"00000000-0000-0000-0000-000000000000");
INSERT INTO ACT_SMT
	VALUES ("cf32f36f-afb5-40e9-895b-ec6a25e894ef",
	"49f9742e-2b17-433c-b4a9-8c4742cef13c",
	"98a2b388-bb77-4ae0-bb24-a49eeae7950d",
	1,
	1,
	'Port1::mavcontrol::ready line: 1');
INSERT INTO ACT_FIO
	VALUES ("cf32f36f-afb5-40e9-895b-ec6a25e894ef",
	"05e12452-8bc1-430f-9869-314a4763ee42",
	1,
	'any',
	"44c11680-c695-4cd0-8c5c-49bc06b14528",
	1,
	22);
INSERT INTO ACT_SMT
	VALUES ("98a2b388-bb77-4ae0-bb24-a49eeae7950d",
	"49f9742e-2b17-433c-b4a9-8c4742cef13c",
	"00000000-0000-0000-0000-000000000000",
	2,
	1,
	'Port1::mavcontrol::ready line: 2');
INSERT INTO E_ESS
	VALUES ("98a2b388-bb77-4ae0-bb24-a49eeae7950d",
	1,
	0,
	2,
	10,
	2,
	22,
	1,
	22,
	0,
	0,
	0,
	0);
INSERT INTO E_GES
	VALUES ("98a2b388-bb77-4ae0-bb24-a49eeae7950d");
INSERT INTO E_GSME
	VALUES ("98a2b388-bb77-4ae0-bb24-a49eeae7950d",
	"b8dcfa69-53b7-440a-8ceb-a235f197459c");
INSERT INTO E_GEN
	VALUES ("98a2b388-bb77-4ae0-bb24-a49eeae7950d",
	"05e12452-8bc1-430f-9869-314a4763ee42");
INSERT INTO V_VAR
	VALUES ("05e12452-8bc1-430f-9869-314a4763ee42",
	"49f9742e-2b17-433c-b4a9-8c4742cef13c",
	'ctrl',
	1,
	"ba5eda7a-def5-0000-0000-000000000008");
INSERT INTO V_INT
	VALUES ("05e12452-8bc1-430f-9869-314a4763ee42",
	0,
	"44c11680-c695-4cd0-8c5c-49bc06b14528");
INSERT INTO PE_PE
	VALUES ("c266a8d5-aa61-43f4-9d01-7e2baedb603e",
	1,
	"00000000-0000-0000-0000-000000000000",
	"0d80503a-3f90-42a8-a2a9-2f52ccd4308f",
	7);
INSERT INTO EP_PKG
	VALUES ("c266a8d5-aa61-43f4-9d01-7e2baedb603e",
	"00000000-0000-0000-0000-000000000000",
	"d923df31-2d4f-4454-ba3a-3347665a758b",
	'Functions',
	'',
	0);
INSERT INTO PE_PE
	VALUES ("6da296e0-cfc3-41ea-b021-54b367d07943",
	1,
	"c266a8d5-aa61-43f4-9d01-7e2baedb603e",
	"00000000-0000-0000-0000-000000000000",
	1);
INSERT INTO S_SYNC
	VALUES ("6da296e0-cfc3-41ea-b021-54b367d07943",
	"00000000-0000-0000-0000-000000000000",
	'setup',
	'',
	'create object instance ctrl of Controller;
generate Controller1:''start'' to ctrl;

//create object instance house of House;
//house.x = 17;
//house.y = 21;
//house.z = 7;
//relate ctrl to house across R4.''begin with'';

create object instance wp1 of Waypoint;
wp1.x = 17;
wp1.y = 0;
wp1.z = 7;
wp1.heading=0;
wp1.counter1=0;
wp1.housex = 19;
wp1.housey = 23;
wp1.housez = 7;
wp1.cal = 7;
relate ctrl to wp1 across R1.''begin with'';
relate ctrl to wp1 across R3.''is flying to'';


',
	"ba5eda7a-def5-0000-0000-000000000000",
	1,
	'',
	0);
INSERT INTO ACT_FNB
	VALUES ("9e48f557-8058-4fae-8b52-694b50cc392b",
	"6da296e0-cfc3-41ea-b021-54b367d07943");
INSERT INTO ACT_ACT
	VALUES ("9e48f557-8058-4fae-8b52-694b50cc392b",
	'function',
	0,
	"9ae21d53-d139-48ff-ad72-8666f729c0c3",
	"00000000-0000-0000-0000-000000000000",
	0,
	'setup',
	"00000000-0000-0000-0000-000000000000");
INSERT INTO ACT_BLK
	VALUES ("9ae21d53-d139-48ff-ad72-8666f729c0c3",
	0,
	0,
	0,
	'''is flying to''',
	'',
	'',
	21,
	1,
	10,
	31,
	0,
	0,
	21,
	27,
	21,
	30,
	0,
	0,
	0,
	"9e48f557-8058-4fae-8b52-694b50cc392b",
	"00000000-0000-0000-0000-000000000000");
INSERT INTO ACT_SMT
	VALUES ("d0d0ce9f-7b8a-4cf8-9854-ee01665ce95d",
	"9ae21d53-d139-48ff-ad72-8666f729c0c3",
	"96a4f7e3-9332-4600-91ed-7f011f344d9c",
	1,
	1,
	'setup line: 1');
INSERT INTO ACT_CR
	VALUES ("d0d0ce9f-7b8a-4cf8-9854-ee01665ce95d",
	"0bba162f-c351-4ac6-a916-6350eadd48bf",
	1,
	"44c11680-c695-4cd0-8c5c-49bc06b14528",
	1,
	32);
INSERT INTO ACT_SMT
	VALUES ("96a4f7e3-9332-4600-91ed-7f011f344d9c",
	"9ae21d53-d139-48ff-ad72-8666f729c0c3",
	"67576d9a-5486-4cdb-adff-dee4538674ce",
	2,
	1,
	'setup line: 2');
INSERT INTO E_ESS
	VALUES ("96a4f7e3-9332-4600-91ed-7f011f344d9c",
	1,
	0,
	2,
	10,
	2,
	22,
	1,
	32,
	0,
	0,
	0,
	0);
INSERT INTO E_GES
	VALUES ("96a4f7e3-9332-4600-91ed-7f011f344d9c");
INSERT INTO E_GSME
	VALUES ("96a4f7e3-9332-4600-91ed-7f011f344d9c",
	"26caf769-2f00-4ee1-8664-83ff862aa1c5");
INSERT INTO E_GEN
	VALUES ("96a4f7e3-9332-4600-91ed-7f011f344d9c",
	"0bba162f-c351-4ac6-a916-6350eadd48bf");
INSERT INTO ACT_SMT
	VALUES ("67576d9a-5486-4cdb-adff-dee4538674ce",
	"9ae21d53-d139-48ff-ad72-8666f729c0c3",
	"8773e770-ba5c-488a-a8be-60f44998a3bd",
	10,
	1,
	'setup line: 10');
INSERT INTO ACT_CR
	VALUES ("67576d9a-5486-4cdb-adff-dee4538674ce",
	"83e9e287-a6a8-477c-af6a-251acff72da6",
	1,
	"f4b02d30-b69f-40e7-bfb4-6e27a6845c7d",
	10,
	31);
INSERT INTO ACT_SMT
	VALUES ("8773e770-ba5c-488a-a8be-60f44998a3bd",
	"9ae21d53-d139-48ff-ad72-8666f729c0c3",
	"b9c71263-f029-4e03-8742-2392c41512fd",
	11,
	1,
	'setup line: 11');
INSERT INTO ACT_AI
	VALUES ("8773e770-ba5c-488a-a8be-60f44998a3bd",
	"e4d51731-496c-44fa-9ba9-1f523ce1b4db",
	"d9a18f6b-ea35-4492-b36e-8ded691f9040",
	0,
	0);
INSERT INTO ACT_SMT
	VALUES ("b9c71263-f029-4e03-8742-2392c41512fd",
	"9ae21d53-d139-48ff-ad72-8666f729c0c3",
	"e9c28f46-b57e-4866-ad43-b30621236d61",
	12,
	1,
	'setup line: 12');
INSERT INTO ACT_AI
	VALUES ("b9c71263-f029-4e03-8742-2392c41512fd",
	"48c6ab3e-9434-4cdc-94ff-5dcb91ef288e",
	"6b0b8d90-3436-4fbc-9de6-bc9767552861",
	0,
	0);
INSERT INTO ACT_SMT
	VALUES ("e9c28f46-b57e-4866-ad43-b30621236d61",
	"9ae21d53-d139-48ff-ad72-8666f729c0c3",
	"43803fbf-64d3-4ced-a226-19a035f818c1",
	13,
	1,
	'setup line: 13');
INSERT INTO ACT_AI
	VALUES ("e9c28f46-b57e-4866-ad43-b30621236d61",
	"040a133c-4f09-42c5-b325-df8919efbd4f",
	"55ed7d15-04e2-4842-bb2f-f36bf0be9ee7",
	0,
	0);
INSERT INTO ACT_SMT
	VALUES ("43803fbf-64d3-4ced-a226-19a035f818c1",
	"9ae21d53-d139-48ff-ad72-8666f729c0c3",
	"beac8b9e-ad4f-45b9-9c2e-650115f71362",
	14,
	1,
	'setup line: 14');
INSERT INTO ACT_AI
	VALUES ("43803fbf-64d3-4ced-a226-19a035f818c1",
	"ae14ac7d-17ef-4b6c-b0fd-f4ad8b413f66",
	"c8011e66-fd5d-48d9-96eb-e5306943e7e4",
	0,
	0);
INSERT INTO ACT_SMT
	VALUES ("beac8b9e-ad4f-45b9-9c2e-650115f71362",
	"9ae21d53-d139-48ff-ad72-8666f729c0c3",
	"b1485a55-adfd-487a-959a-dbb3c14b6a50",
	15,
	1,
	'setup line: 15');
INSERT INTO ACT_AI
	VALUES ("beac8b9e-ad4f-45b9-9c2e-650115f71362",
	"809deaec-1160-4e21-bd01-1dd9b11199ee",
	"5b0d1fc9-4e15-400c-89b4-059d3c6ba6bb",
	0,
	0);
INSERT INTO ACT_SMT
	VALUES ("b1485a55-adfd-487a-959a-dbb3c14b6a50",
	"9ae21d53-d139-48ff-ad72-8666f729c0c3",
	"3c82b964-2608-4365-98f0-f000027fa6b3",
	16,
	1,
	'setup line: 16');
INSERT INTO ACT_AI
	VALUES ("b1485a55-adfd-487a-959a-dbb3c14b6a50",
	"5c04cccd-50b3-45ec-b97f-7202b026c7aa",
	"c18d2a06-a922-4a83-ae72-96be84c1e1c7",
	0,
	0);
INSERT INTO ACT_SMT
	VALUES ("3c82b964-2608-4365-98f0-f000027fa6b3",
	"9ae21d53-d139-48ff-ad72-8666f729c0c3",
	"d20c5325-2c1f-4031-9614-9dbb2d08a24b",
	17,
	1,
	'setup line: 17');
INSERT INTO ACT_AI
	VALUES ("3c82b964-2608-4365-98f0-f000027fa6b3",
	"6edbf036-0fa0-4a08-90db-dc97467da5ad",
	"eba04934-6d4f-45e8-adf8-e0aaccdcb9b0",
	0,
	0);
INSERT INTO ACT_SMT
	VALUES ("d20c5325-2c1f-4031-9614-9dbb2d08a24b",
	"9ae21d53-d139-48ff-ad72-8666f729c0c3",
	"73611865-e258-4a47-834b-f82ad524ab37",
	18,
	1,
	'setup line: 18');
INSERT INTO ACT_AI
	VALUES ("d20c5325-2c1f-4031-9614-9dbb2d08a24b",
	"8e0d127d-b58f-4be6-b476-00d13f8e4236",
	"777d1a04-8530-4bf1-b4ab-a7f194e3b54e",
	0,
	0);
INSERT INTO ACT_SMT
	VALUES ("73611865-e258-4a47-834b-f82ad524ab37",
	"9ae21d53-d139-48ff-ad72-8666f729c0c3",
	"2cce3ae3-61cb-4bdd-8f00-44963afe5526",
	19,
	1,
	'setup line: 19');
INSERT INTO ACT_AI
	VALUES ("73611865-e258-4a47-834b-f82ad524ab37",
	"ab753bb6-b63e-408e-808e-1f36455f70eb",
	"9f7567e6-78e9-48a1-be4c-a338e0d683b5",
	0,
	0);
INSERT INTO ACT_SMT
	VALUES ("2cce3ae3-61cb-4bdd-8f00-44963afe5526",
	"9ae21d53-d139-48ff-ad72-8666f729c0c3",
	"fb862a44-7763-48a4-ad8d-97e66358ba94",
	20,
	1,
	'setup line: 20');
INSERT INTO ACT_REL
	VALUES ("2cce3ae3-61cb-4bdd-8f00-44963afe5526",
	"0bba162f-c351-4ac6-a916-6350eadd48bf",
	"83e9e287-a6a8-477c-af6a-251acff72da6",
	'''begin with''',
	"84aca6ec-a4d2-498a-aa06-207d7e62cc38",
	20,
	27,
	20,
	30);
INSERT INTO ACT_SMT
	VALUES ("fb862a44-7763-48a4-ad8d-97e66358ba94",
	"9ae21d53-d139-48ff-ad72-8666f729c0c3",
	"00000000-0000-0000-0000-000000000000",
	21,
	1,
	'setup line: 21');
INSERT INTO ACT_REL
	VALUES ("fb862a44-7763-48a4-ad8d-97e66358ba94",
	"0bba162f-c351-4ac6-a916-6350eadd48bf",
	"83e9e287-a6a8-477c-af6a-251acff72da6",
	'''is flying to''',
	"9841cfd9-f67c-42ae-8a47-536937150771",
	21,
	27,
	21,
	30);
INSERT INTO V_VAL
	VALUES ("ecc50bf8-eea4-4343-9217-587b0bcd5d62",
	1,
	0,
	11,
	1,
	3,
	0,
	0,
	0,
	0,
	"ba5eda7a-def5-0000-0000-000000000008",
	"9ae21d53-d139-48ff-ad72-8666f729c0c3");
INSERT INTO V_IRF
	VALUES ("ecc50bf8-eea4-4343-9217-587b0bcd5d62",
	"83e9e287-a6a8-477c-af6a-251acff72da6");
INSERT INTO V_VAL
	VALUES ("d9a18f6b-ea35-4492-b36e-8ded691f9040",
	1,
	0,
	11,
	5,
	5,
	0,
	0,
	0,
	0,
	"ba5eda7a-def5-0000-0000-000000000003",
	"9ae21d53-d139-48ff-ad72-8666f729c0c3");
INSERT INTO V_AVL
	VALUES ("d9a18f6b-ea35-4492-b36e-8ded691f9040",
	"ecc50bf8-eea4-4343-9217-587b0bcd5d62",
	"f4b02d30-b69f-40e7-bfb4-6e27a6845c7d",
	"2b44d0b1-921d-4330-9410-83ff50c044f3");
INSERT INTO V_VAL
	VALUES ("e4d51731-496c-44fa-9ba9-1f523ce1b4db",
	0,
	0,
	11,
	9,
	10,
	0,
	0,
	0,
	0,
	"ba5eda7a-def5-0000-0000-000000000002",
	"9ae21d53-d139-48ff-ad72-8666f729c0c3");
INSERT INTO V_LIN
	VALUES ("e4d51731-496c-44fa-9ba9-1f523ce1b4db",
	'17');
INSERT INTO V_VAL
	VALUES ("24533880-aa0d-4e80-b55b-7f54470419aa",
	1,
	0,
	12,
	1,
	3,
	0,
	0,
	0,
	0,
	"ba5eda7a-def5-0000-0000-000000000008",
	"9ae21d53-d139-48ff-ad72-8666f729c0c3");
INSERT INTO V_IRF
	VALUES ("24533880-aa0d-4e80-b55b-7f54470419aa",
	"83e9e287-a6a8-477c-af6a-251acff72da6");
INSERT INTO V_VAL
	VALUES ("6b0b8d90-3436-4fbc-9de6-bc9767552861",
	1,
	0,
	12,
	5,
	5,
	0,
	0,
	0,
	0,
	"ba5eda7a-def5-0000-0000-000000000003",
	"9ae21d53-d139-48ff-ad72-8666f729c0c3");
INSERT INTO V_AVL
	VALUES ("6b0b8d90-3436-4fbc-9de6-bc9767552861",
	"24533880-aa0d-4e80-b55b-7f54470419aa",
	"f4b02d30-b69f-40e7-bfb4-6e27a6845c7d",
	"c6881453-1f0f-4744-9d2b-55653b78c94f");
INSERT INTO V_VAL
	VALUES ("48c6ab3e-9434-4cdc-94ff-5dcb91ef288e",
	0,
	0,
	12,
	9,
	9,
	0,
	0,
	0,
	0,
	"ba5eda7a-def5-0000-0000-000000000002",
	"9ae21d53-d139-48ff-ad72-8666f729c0c3");
INSERT INTO V_LIN
	VALUES ("48c6ab3e-9434-4cdc-94ff-5dcb91ef288e",
	'0');
INSERT INTO V_VAL
	VALUES ("cd304059-c114-4f9e-bc26-ac9155c244b0",
	1,
	0,
	13,
	1,
	3,
	0,
	0,
	0,
	0,
	"ba5eda7a-def5-0000-0000-000000000008",
	"9ae21d53-d139-48ff-ad72-8666f729c0c3");
INSERT INTO V_IRF
	VALUES ("cd304059-c114-4f9e-bc26-ac9155c244b0",
	"83e9e287-a6a8-477c-af6a-251acff72da6");
INSERT INTO V_VAL
	VALUES ("55ed7d15-04e2-4842-bb2f-f36bf0be9ee7",
	1,
	0,
	13,
	5,
	5,
	0,
	0,
	0,
	0,
	"ba5eda7a-def5-0000-0000-000000000003",
	"9ae21d53-d139-48ff-ad72-8666f729c0c3");
INSERT INTO V_AVL
	VALUES ("55ed7d15-04e2-4842-bb2f-f36bf0be9ee7",
	"cd304059-c114-4f9e-bc26-ac9155c244b0",
	"f4b02d30-b69f-40e7-bfb4-6e27a6845c7d",
	"26890257-b0dd-4ef0-a028-47a1b69664ca");
INSERT INTO V_VAL
	VALUES ("040a133c-4f09-42c5-b325-df8919efbd4f",
	0,
	0,
	13,
	9,
	9,
	0,
	0,
	0,
	0,
	"ba5eda7a-def5-0000-0000-000000000002",
	"9ae21d53-d139-48ff-ad72-8666f729c0c3");
INSERT INTO V_LIN
	VALUES ("040a133c-4f09-42c5-b325-df8919efbd4f",
	'7');
INSERT INTO V_VAL
	VALUES ("e12a5666-ec62-4a12-9b76-f323581017aa",
	1,
	0,
	14,
	1,
	3,
	0,
	0,
	0,
	0,
	"ba5eda7a-def5-0000-0000-000000000008",
	"9ae21d53-d139-48ff-ad72-8666f729c0c3");
INSERT INTO V_IRF
	VALUES ("e12a5666-ec62-4a12-9b76-f323581017aa",
	"83e9e287-a6a8-477c-af6a-251acff72da6");
INSERT INTO V_VAL
	VALUES ("c8011e66-fd5d-48d9-96eb-e5306943e7e4",
	1,
	0,
	14,
	5,
	11,
	0,
	0,
	0,
	0,
	"ba5eda7a-def5-0000-0000-000000000003",
	"9ae21d53-d139-48ff-ad72-8666f729c0c3");
INSERT INTO V_AVL
	VALUES ("c8011e66-fd5d-48d9-96eb-e5306943e7e4",
	"e12a5666-ec62-4a12-9b76-f323581017aa",
	"f4b02d30-b69f-40e7-bfb4-6e27a6845c7d",
	"7711639f-a213-4bd9-99fe-419e53ee8d1c");
INSERT INTO V_VAL
	VALUES ("ae14ac7d-17ef-4b6c-b0fd-f4ad8b413f66",
	0,
	0,
	14,
	13,
	13,
	0,
	0,
	0,
	0,
	"ba5eda7a-def5-0000-0000-000000000002",
	"9ae21d53-d139-48ff-ad72-8666f729c0c3");
INSERT INTO V_LIN
	VALUES ("ae14ac7d-17ef-4b6c-b0fd-f4ad8b413f66",
	'0');
INSERT INTO V_VAL
	VALUES ("e5871f6a-0c4e-4aa8-bb32-e31de742839b",
	1,
	0,
	15,
	1,
	3,
	0,
	0,
	0,
	0,
	"ba5eda7a-def5-0000-0000-000000000008",
	"9ae21d53-d139-48ff-ad72-8666f729c0c3");
INSERT INTO V_IRF
	VALUES ("e5871f6a-0c4e-4aa8-bb32-e31de742839b",
	"83e9e287-a6a8-477c-af6a-251acff72da6");
INSERT INTO V_VAL
	VALUES ("5b0d1fc9-4e15-400c-89b4-059d3c6ba6bb",
	1,
	0,
	15,
	5,
	12,
	0,
	0,
	0,
	0,
	"ba5eda7a-def5-0000-0000-000000000002",
	"9ae21d53-d139-48ff-ad72-8666f729c0c3");
INSERT INTO V_AVL
	VALUES ("5b0d1fc9-4e15-400c-89b4-059d3c6ba6bb",
	"e5871f6a-0c4e-4aa8-bb32-e31de742839b",
	"f4b02d30-b69f-40e7-bfb4-6e27a6845c7d",
	"225b3597-bcef-452d-87dc-1bbbe73e7b9c");
INSERT INTO V_VAL
	VALUES ("809deaec-1160-4e21-bd01-1dd9b11199ee",
	0,
	0,
	15,
	14,
	14,
	0,
	0,
	0,
	0,
	"ba5eda7a-def5-0000-0000-000000000002",
	"9ae21d53-d139-48ff-ad72-8666f729c0c3");
INSERT INTO V_LIN
	VALUES ("809deaec-1160-4e21-bd01-1dd9b11199ee",
	'0');
INSERT INTO V_VAL
	VALUES ("f43f5dcd-0fdd-4c9b-834a-76b0c56bd191",
	1,
	0,
	16,
	1,
	3,
	0,
	0,
	0,
	0,
	"ba5eda7a-def5-0000-0000-000000000008",
	"9ae21d53-d139-48ff-ad72-8666f729c0c3");
INSERT INTO V_IRF
	VALUES ("f43f5dcd-0fdd-4c9b-834a-76b0c56bd191",
	"83e9e287-a6a8-477c-af6a-251acff72da6");
INSERT INTO V_VAL
	VALUES ("c18d2a06-a922-4a83-ae72-96be84c1e1c7",
	1,
	0,
	16,
	5,
	10,
	0,
	0,
	0,
	0,
	"ba5eda7a-def5-0000-0000-000000000002",
	"9ae21d53-d139-48ff-ad72-8666f729c0c3");
INSERT INTO V_AVL
	VALUES ("c18d2a06-a922-4a83-ae72-96be84c1e1c7",
	"f43f5dcd-0fdd-4c9b-834a-76b0c56bd191",
	"f4b02d30-b69f-40e7-bfb4-6e27a6845c7d",
	"57700259-0d3a-4611-bccd-8ab4598a3805");
INSERT INTO V_VAL
	VALUES ("5c04cccd-50b3-45ec-b97f-7202b026c7aa",
	0,
	0,
	16,
	14,
	15,
	0,
	0,
	0,
	0,
	"ba5eda7a-def5-0000-0000-000000000002",
	"9ae21d53-d139-48ff-ad72-8666f729c0c3");
INSERT INTO V_LIN
	VALUES ("5c04cccd-50b3-45ec-b97f-7202b026c7aa",
	'19');
INSERT INTO V_VAL
	VALUES ("8fec92e7-767c-4b45-8696-77c878053b31",
	1,
	0,
	17,
	1,
	3,
	0,
	0,
	0,
	0,
	"ba5eda7a-def5-0000-0000-000000000008",
	"9ae21d53-d139-48ff-ad72-8666f729c0c3");
INSERT INTO V_IRF
	VALUES ("8fec92e7-767c-4b45-8696-77c878053b31",
	"83e9e287-a6a8-477c-af6a-251acff72da6");
INSERT INTO V_VAL
	VALUES ("eba04934-6d4f-45e8-adf8-e0aaccdcb9b0",
	1,
	0,
	17,
	5,
	10,
	0,
	0,
	0,
	0,
	"ba5eda7a-def5-0000-0000-000000000002",
	"9ae21d53-d139-48ff-ad72-8666f729c0c3");
INSERT INTO V_AVL
	VALUES ("eba04934-6d4f-45e8-adf8-e0aaccdcb9b0",
	"8fec92e7-767c-4b45-8696-77c878053b31",
	"f4b02d30-b69f-40e7-bfb4-6e27a6845c7d",
	"a0f97620-79fc-4289-aa6b-cc22a1d1352e");
INSERT INTO V_VAL
	VALUES ("6edbf036-0fa0-4a08-90db-dc97467da5ad",
	0,
	0,
	17,
	14,
	15,
	0,
	0,
	0,
	0,
	"ba5eda7a-def5-0000-0000-000000000002",
	"9ae21d53-d139-48ff-ad72-8666f729c0c3");
INSERT INTO V_LIN
	VALUES ("6edbf036-0fa0-4a08-90db-dc97467da5ad",
	'23');
INSERT INTO V_VAL
	VALUES ("6939453f-bdeb-4e88-91db-b7990ec05c04",
	1,
	0,
	18,
	1,
	3,
	0,
	0,
	0,
	0,
	"ba5eda7a-def5-0000-0000-000000000008",
	"9ae21d53-d139-48ff-ad72-8666f729c0c3");
INSERT INTO V_IRF
	VALUES ("6939453f-bdeb-4e88-91db-b7990ec05c04",
	"83e9e287-a6a8-477c-af6a-251acff72da6");
INSERT INTO V_VAL
	VALUES ("777d1a04-8530-4bf1-b4ab-a7f194e3b54e",
	1,
	0,
	18,
	5,
	10,
	0,
	0,
	0,
	0,
	"ba5eda7a-def5-0000-0000-000000000002",
	"9ae21d53-d139-48ff-ad72-8666f729c0c3");
INSERT INTO V_AVL
	VALUES ("777d1a04-8530-4bf1-b4ab-a7f194e3b54e",
	"6939453f-bdeb-4e88-91db-b7990ec05c04",
	"f4b02d30-b69f-40e7-bfb4-6e27a6845c7d",
	"82fc5d70-d7b0-46a0-a754-2fa4d21f7377");
INSERT INTO V_VAL
	VALUES ("8e0d127d-b58f-4be6-b476-00d13f8e4236",
	0,
	0,
	18,
	14,
	14,
	0,
	0,
	0,
	0,
	"ba5eda7a-def5-0000-0000-000000000002",
	"9ae21d53-d139-48ff-ad72-8666f729c0c3");
INSERT INTO V_LIN
	VALUES ("8e0d127d-b58f-4be6-b476-00d13f8e4236",
	'7');
INSERT INTO V_VAL
	VALUES ("f21f77e3-42f8-48b9-bf9f-a8c7b860285a",
	1,
	0,
	19,
	1,
	3,
	0,
	0,
	0,
	0,
	"ba5eda7a-def5-0000-0000-000000000008",
	"9ae21d53-d139-48ff-ad72-8666f729c0c3");
INSERT INTO V_IRF
	VALUES ("f21f77e3-42f8-48b9-bf9f-a8c7b860285a",
	"83e9e287-a6a8-477c-af6a-251acff72da6");
INSERT INTO V_VAL
	VALUES ("9f7567e6-78e9-48a1-be4c-a338e0d683b5",
	1,
	0,
	19,
	5,
	7,
	0,
	0,
	0,
	0,
	"ba5eda7a-def5-0000-0000-000000000003",
	"9ae21d53-d139-48ff-ad72-8666f729c0c3");
INSERT INTO V_AVL
	VALUES ("9f7567e6-78e9-48a1-be4c-a338e0d683b5",
	"f21f77e3-42f8-48b9-bf9f-a8c7b860285a",
	"f4b02d30-b69f-40e7-bfb4-6e27a6845c7d",
	"6a26ef28-ed14-4947-bb87-b0762499e9ad");
INSERT INTO V_VAL
	VALUES ("ab753bb6-b63e-408e-808e-1f36455f70eb",
	0,
	0,
	19,
	11,
	11,
	0,
	0,
	0,
	0,
	"ba5eda7a-def5-0000-0000-000000000002",
	"9ae21d53-d139-48ff-ad72-8666f729c0c3");
INSERT INTO V_LIN
	VALUES ("ab753bb6-b63e-408e-808e-1f36455f70eb",
	'7');
INSERT INTO V_VAR
	VALUES ("0bba162f-c351-4ac6-a916-6350eadd48bf",
	"9ae21d53-d139-48ff-ad72-8666f729c0c3",
	'ctrl',
	1,
	"ba5eda7a-def5-0000-0000-000000000008");
INSERT INTO V_INT
	VALUES ("0bba162f-c351-4ac6-a916-6350eadd48bf",
	0,
	"44c11680-c695-4cd0-8c5c-49bc06b14528");
INSERT INTO V_VAR
	VALUES ("83e9e287-a6a8-477c-af6a-251acff72da6",
	"9ae21d53-d139-48ff-ad72-8666f729c0c3",
	'wp1',
	1,
	"ba5eda7a-def5-0000-0000-000000000008");
INSERT INTO V_INT
	VALUES ("83e9e287-a6a8-477c-af6a-251acff72da6",
	0,
	"f4b02d30-b69f-40e7-bfb4-6e27a6845c7d");
INSERT INTO PE_PE
	VALUES ("86422825-e887-45cf-a079-318955dfe228",
	1,
	"c266a8d5-aa61-43f4-9d01-7e2baedb603e",
	"00000000-0000-0000-0000-000000000000",
	1);
INSERT INTO S_SYNC
	VALUES ("86422825-e887-45cf-a079-318955dfe228",
	"00000000-0000-0000-0000-000000000000",
	'halt',
	'',
	'select any ctrl from instances of Controller;
generate Controller3:''halt'' to ctrl;
',
	"ba5eda7a-def5-0000-0000-000000000000",
	1,
	'',
	0);
INSERT INTO ACT_FNB
	VALUES ("07fedaf0-faca-4733-a671-e1d08a6a8b3e",
	"86422825-e887-45cf-a079-318955dfe228");
INSERT INTO ACT_ACT
	VALUES ("07fedaf0-faca-4733-a671-e1d08a6a8b3e",
	'function',
	0,
	"1164d76f-fc2f-40c3-bb78-472b6ee8463e",
	"00000000-0000-0000-0000-000000000000",
	0,
	'halt',
	"00000000-0000-0000-0000-000000000000");
INSERT INTO ACT_BLK
	VALUES ("1164d76f-fc2f-40c3-bb78-472b6ee8463e",
	1,
	0,
	0,
	'V_VAR.Var_ID',
	'',
	'',
	2,
	1,
	1,
	35,
	0,
	0,
	0,
	0,
	0,
	0,
	0,
	0,
	0,
	"07fedaf0-faca-4733-a671-e1d08a6a8b3e",
	"00000000-0000-0000-0000-000000000000");
INSERT INTO ACT_SMT
	VALUES ("e1bef74a-86a5-4b23-a60a-48732436edee",
	"1164d76f-fc2f-40c3-bb78-472b6ee8463e",
	"f3bd75f5-9b4f-4f10-8be2-2db2c1843fde",
	1,
	1,
	'halt line: 1');
INSERT INTO ACT_FIO
	VALUES ("e1bef74a-86a5-4b23-a60a-48732436edee",
	"144c581b-aae1-4f51-bac0-a4ba358caf7e",
	1,
	'any',
	"44c11680-c695-4cd0-8c5c-49bc06b14528",
	1,
	35);
INSERT INTO ACT_SMT
	VALUES ("f3bd75f5-9b4f-4f10-8be2-2db2c1843fde",
	"1164d76f-fc2f-40c3-bb78-472b6ee8463e",
	"00000000-0000-0000-0000-000000000000",
	2,
	1,
	'halt line: 2');
INSERT INTO E_ESS
	VALUES ("f3bd75f5-9b4f-4f10-8be2-2db2c1843fde",
	1,
	0,
	2,
	10,
	2,
	22,
	1,
	35,
	0,
	0,
	0,
	0);
INSERT INTO E_GES
	VALUES ("f3bd75f5-9b4f-4f10-8be2-2db2c1843fde");
INSERT INTO E_GSME
	VALUES ("f3bd75f5-9b4f-4f10-8be2-2db2c1843fde",
	"99a68282-9ed9-4456-b5d6-b59430557c5b");
INSERT INTO E_GEN
	VALUES ("f3bd75f5-9b4f-4f10-8be2-2db2c1843fde",
	"144c581b-aae1-4f51-bac0-a4ba358caf7e");
INSERT INTO V_VAR
	VALUES ("144c581b-aae1-4f51-bac0-a4ba358caf7e",
	"1164d76f-fc2f-40c3-bb78-472b6ee8463e",
	'ctrl',
	1,
	"ba5eda7a-def5-0000-0000-000000000008");
INSERT INTO V_INT
	VALUES ("144c581b-aae1-4f51-bac0-a4ba358caf7e",
	0,
	"44c11680-c695-4cd0-8c5c-49bc06b14528");
INSERT INTO PE_PE
	VALUES ("c7bc1f0d-acc5-45cd-afb5-da93bea1c897",
	1,
	"00000000-0000-0000-0000-000000000000",
	"0d80503a-3f90-42a8-a2a9-2f52ccd4308f",
	7);
INSERT INTO EP_PKG
	VALUES ("c7bc1f0d-acc5-45cd-afb5-da93bea1c897",
	"00000000-0000-0000-0000-000000000000",
	"d923df31-2d4f-4454-ba3a-3347665a758b",
	'Control',
	'',
	0);
INSERT INTO PE_PE
	VALUES ("44c11680-c695-4cd0-8c5c-49bc06b14528",
	1,
	"c7bc1f0d-acc5-45cd-afb5-da93bea1c897",
	"00000000-0000-0000-0000-000000000000",
	4);
INSERT INTO O_OBJ
	VALUES ("44c11680-c695-4cd0-8c5c-49bc06b14528",
	'Controller',
	1,
	'Controller',
	'',
	"00000000-0000-0000-0000-000000000000");
INSERT INTO O_NBATTR
	VALUES ("0e7f33c3-b2c2-41b2-a377-a79d4a667cad",
	"44c11680-c695-4cd0-8c5c-49bc06b14528");
INSERT INTO O_BATTR
	VALUES ("0e7f33c3-b2c2-41b2-a377-a79d4a667cad",
	"44c11680-c695-4cd0-8c5c-49bc06b14528");
INSERT INTO O_ATTR
	VALUES ("0e7f33c3-b2c2-41b2-a377-a79d4a667cad",
	"44c11680-c695-4cd0-8c5c-49bc06b14528",
	"00000000-0000-0000-0000-000000000000",
	'current_state',
	'',
	'',
	'current_state',
	0,
	"ba5eda7a-def5-0000-0000-000000000006",
	'',
	'');
INSERT INTO O_ID
	VALUES (0,
	"44c11680-c695-4cd0-8c5c-49bc06b14528");
INSERT INTO O_ID
	VALUES (1,
	"44c11680-c695-4cd0-8c5c-49bc06b14528");
INSERT INTO O_ID
	VALUES (2,
	"44c11680-c695-4cd0-8c5c-49bc06b14528");
INSERT INTO SM_ISM
	VALUES ("c0c74364-95af-42df-a665-9e2fd1a7f507",
	"44c11680-c695-4cd0-8c5c-49bc06b14528");
INSERT INTO SM_SM
	VALUES ("c0c74364-95af-42df-a665-9e2fd1a7f507",
	'',
	0);
INSERT INTO SM_MOORE
	VALUES ("c0c74364-95af-42df-a665-9e2fd1a7f507");
INSERT INTO SM_LEVT
	VALUES ("26caf769-2f00-4ee1-8664-83ff862aa1c5",
	"c0c74364-95af-42df-a665-9e2fd1a7f507",
	"00000000-0000-0000-0000-000000000000");
INSERT INTO SM_SEVT
	VALUES ("26caf769-2f00-4ee1-8664-83ff862aa1c5",
	"c0c74364-95af-42df-a665-9e2fd1a7f507",
	"00000000-0000-0000-0000-000000000000");
INSERT INTO SM_EVT
	VALUES ("26caf769-2f00-4ee1-8664-83ff862aa1c5",
	"c0c74364-95af-42df-a665-9e2fd1a7f507",
	"00000000-0000-0000-0000-000000000000",
	1,
	'start',
	0,
	'',
	'Controller1',
	'');
INSERT INTO SM_LEVT
	VALUES ("b8dcfa69-53b7-440a-8ceb-a235f197459c",
	"c0c74364-95af-42df-a665-9e2fd1a7f507",
	"00000000-0000-0000-0000-000000000000");
INSERT INTO SM_SEVT
	VALUES ("b8dcfa69-53b7-440a-8ceb-a235f197459c",
	"c0c74364-95af-42df-a665-9e2fd1a7f507",
	"00000000-0000-0000-0000-000000000000");
INSERT INTO SM_EVT
	VALUES ("b8dcfa69-53b7-440a-8ceb-a235f197459c",
	"c0c74364-95af-42df-a665-9e2fd1a7f507",
	"00000000-0000-0000-0000-000000000000",
	2,
	'ready',
	0,
	'',
	'Controller2',
	'');
INSERT INTO SM_LEVT
	VALUES ("99a68282-9ed9-4456-b5d6-b59430557c5b",
	"c0c74364-95af-42df-a665-9e2fd1a7f507",
	"00000000-0000-0000-0000-000000000000");
INSERT INTO SM_SEVT
	VALUES ("99a68282-9ed9-4456-b5d6-b59430557c5b",
	"c0c74364-95af-42df-a665-9e2fd1a7f507",
	"00000000-0000-0000-0000-000000000000");
INSERT INTO SM_EVT
	VALUES ("99a68282-9ed9-4456-b5d6-b59430557c5b",
	"c0c74364-95af-42df-a665-9e2fd1a7f507",
	"00000000-0000-0000-0000-000000000000",
	3,
	'halt',
	0,
	'',
	'Controller3',
	'');
INSERT INTO SM_STATE
	VALUES ("a5c79b00-2e82-440c-8cd6-eaa95f08520e",
	"c0c74364-95af-42df-a665-9e2fd1a7f507",
	"00000000-0000-0000-0000-000000000000",
	'init',
	1,
	0);
INSERT INTO SM_SEME
	VALUES ("a5c79b00-2e82-440c-8cd6-eaa95f08520e",
	"26caf769-2f00-4ee1-8664-83ff862aa1c5",
	"c0c74364-95af-42df-a665-9e2fd1a7f507",
	"00000000-0000-0000-0000-000000000000");
INSERT INTO SM_CH
	VALUES ("a5c79b00-2e82-440c-8cd6-eaa95f08520e",
	"b8dcfa69-53b7-440a-8ceb-a235f197459c",
	"c0c74364-95af-42df-a665-9e2fd1a7f507",
	"00000000-0000-0000-0000-000000000000",
	'');
INSERT INTO SM_SEME
	VALUES ("a5c79b00-2e82-440c-8cd6-eaa95f08520e",
	"b8dcfa69-53b7-440a-8ceb-a235f197459c",
	"c0c74364-95af-42df-a665-9e2fd1a7f507",
	"00000000-0000-0000-0000-000000000000");
INSERT INTO SM_CH
	VALUES ("a5c79b00-2e82-440c-8cd6-eaa95f08520e",
	"99a68282-9ed9-4456-b5d6-b59430557c5b",
	"c0c74364-95af-42df-a665-9e2fd1a7f507",
	"00000000-0000-0000-0000-000000000000",
	'');
INSERT INTO SM_SEME
	VALUES ("a5c79b00-2e82-440c-8cd6-eaa95f08520e",
	"99a68282-9ed9-4456-b5d6-b59430557c5b",
	"c0c74364-95af-42df-a665-9e2fd1a7f507",
	"00000000-0000-0000-0000-000000000000");
INSERT INTO SM_MOAH
	VALUES ("c5618147-3ab6-48c6-8533-6bc7cf5176d5",
	"c0c74364-95af-42df-a665-9e2fd1a7f507",
	"a5c79b00-2e82-440c-8cd6-eaa95f08520e");
INSERT INTO SM_AH
	VALUES ("c5618147-3ab6-48c6-8533-6bc7cf5176d5",
	"c0c74364-95af-42df-a665-9e2fd1a7f507");
INSERT INTO SM_ACT
	VALUES ("c5618147-3ab6-48c6-8533-6bc7cf5176d5",
	"c0c74364-95af-42df-a665-9e2fd1a7f507",
	1,
	'',
	'',
	0);
INSERT INTO ACT_SAB
	VALUES ("e64dab8d-9fd3-4444-97a1-30cd31aaf3e6",
	"c0c74364-95af-42df-a665-9e2fd1a7f507",
	"c5618147-3ab6-48c6-8533-6bc7cf5176d5");
INSERT INTO ACT_ACT
	VALUES ("e64dab8d-9fd3-4444-97a1-30cd31aaf3e6",
	'state',
	0,
	"b3403944-2869-4740-9ef7-3ec7f97bb30d",
	"00000000-0000-0000-0000-000000000000",
	0,
	'Controller::init',
	"00000000-0000-0000-0000-000000000000");
INSERT INTO ACT_BLK
	VALUES ("b3403944-2869-4740-9ef7-3ec7f97bb30d",
	0,
	0,
	0,
	'',
	'',
	'',
	0,
	0,
	0,
	0,
	0,
	0,
	0,
	0,
	0,
	0,
	0,
	0,
	0,
	"e64dab8d-9fd3-4444-97a1-30cd31aaf3e6",
	"00000000-0000-0000-0000-000000000000");
INSERT INTO SM_STATE
	VALUES ("0efeecce-b72b-4964-b6d8-a8fa1fcd28fb",
	"c0c74364-95af-42df-a665-9e2fd1a7f507",
	"00000000-0000-0000-0000-000000000000",
	'takeoff',
	2,
	0);
INSERT INTO SM_CH
	VALUES ("0efeecce-b72b-4964-b6d8-a8fa1fcd28fb",
	"26caf769-2f00-4ee1-8664-83ff862aa1c5",
	"c0c74364-95af-42df-a665-9e2fd1a7f507",
	"00000000-0000-0000-0000-000000000000",
	'');
INSERT INTO SM_SEME
	VALUES ("0efeecce-b72b-4964-b6d8-a8fa1fcd28fb",
	"26caf769-2f00-4ee1-8664-83ff862aa1c5",
	"c0c74364-95af-42df-a665-9e2fd1a7f507",
	"00000000-0000-0000-0000-000000000000");
INSERT INTO SM_SEME
	VALUES ("0efeecce-b72b-4964-b6d8-a8fa1fcd28fb",
	"b8dcfa69-53b7-440a-8ceb-a235f197459c",
	"c0c74364-95af-42df-a665-9e2fd1a7f507",
	"00000000-0000-0000-0000-000000000000");
INSERT INTO SM_SEME
	VALUES ("0efeecce-b72b-4964-b6d8-a8fa1fcd28fb",
	"99a68282-9ed9-4456-b5d6-b59430557c5b",
	"c0c74364-95af-42df-a665-9e2fd1a7f507",
	"00000000-0000-0000-0000-000000000000");
INSERT INTO SM_MOAH
	VALUES ("52eb6910-46f2-4dc1-bf48-73e6ea9b8048",
	"c0c74364-95af-42df-a665-9e2fd1a7f507",
	"0efeecce-b72b-4964-b6d8-a8fa1fcd28fb");
INSERT INTO SM_AH
	VALUES ("52eb6910-46f2-4dc1-bf48-73e6ea9b8048",
	"c0c74364-95af-42df-a665-9e2fd1a7f507");
INSERT INTO SM_ACT
	VALUES ("52eb6910-46f2-4dc1-bf48-73e6ea9b8048",
	"c0c74364-95af-42df-a665-9e2fd1a7f507",
	1,
	'select one wp related by self->Waypoint[R1.''begin with''];

Port1::takeoff(alt:wp.housez);
Port1::set_heading( heading:0+wp.cal );

',
	'',
	0);
INSERT INTO ACT_SAB
	VALUES ("76ab93d5-b837-490b-9184-68560424d6b9",
	"c0c74364-95af-42df-a665-9e2fd1a7f507",
	"52eb6910-46f2-4dc1-bf48-73e6ea9b8048");
INSERT INTO ACT_ACT
	VALUES ("76ab93d5-b837-490b-9184-68560424d6b9",
	'state',
	0,
	"c44c60a4-2f5e-48fe-9348-148b0011c805",
	"00000000-0000-0000-0000-000000000000",
	0,
	'Controller::takeoff',
	"00000000-0000-0000-0000-000000000000");
INSERT INTO ACT_BLK
	VALUES ("c44c60a4-2f5e-48fe-9348-148b0011c805",
	1,
	0,
	0,
	'Port1',
	'',
	'',
	4,
	1,
	4,
	1,
	0,
	0,
	1,
	41,
	1,
	44,
	0,
	0,
	0,
	"76ab93d5-b837-490b-9184-68560424d6b9",
	"00000000-0000-0000-0000-000000000000");
INSERT INTO ACT_SMT
	VALUES ("9aac92d1-16eb-4afc-b3fb-3511a72040c3",
	"c44c60a4-2f5e-48fe-9348-148b0011c805",
	"f77e6445-3a32-44dd-b24f-be6f60d34537",
	1,
	1,
	'Controller::takeoff line: 1');
INSERT INTO ACT_SEL
	VALUES ("9aac92d1-16eb-4afc-b3fb-3511a72040c3",
	"9d5b653c-4307-40db-8115-05ae8747a8ac",
	1,
	'one',
	"af7c7cda-8814-451f-abcb-d79988a02d0f");
INSERT INTO ACT_SR
	VALUES ("9aac92d1-16eb-4afc-b3fb-3511a72040c3");
INSERT INTO ACT_LNK
	VALUES ("1efe842d-b41f-4335-abe3-bb91e409c70a",
	'''begin with''',
	"9aac92d1-16eb-4afc-b3fb-3511a72040c3",
	"84aca6ec-a4d2-498a-aa06-207d7e62cc38",
	"00000000-0000-0000-0000-000000000000",
	1,
	"f4b02d30-b69f-40e7-bfb4-6e27a6845c7d",
	1,
	32,
	1,
	41,
	1,
	44);
INSERT INTO ACT_SMT
	VALUES ("f77e6445-3a32-44dd-b24f-be6f60d34537",
	"c44c60a4-2f5e-48fe-9348-148b0011c805",
	"253b7aee-5420-4bb3-894e-79ee6eb68b2c",
	3,
	1,
	'Controller::takeoff line: 3');
INSERT INTO ACT_IOP
	VALUES ("f77e6445-3a32-44dd-b24f-be6f60d34537",
	3,
	8,
	3,
	1,
	"00000000-0000-0000-0000-000000000000",
	"786f401b-dc06-4f89-95d6-805158b17282",
	"00000000-0000-0000-0000-000000000000");
INSERT INTO ACT_SMT
	VALUES ("253b7aee-5420-4bb3-894e-79ee6eb68b2c",
	"c44c60a4-2f5e-48fe-9348-148b0011c805",
	"00000000-0000-0000-0000-000000000000",
	4,
	1,
	'Controller::takeoff line: 4');
INSERT INTO ACT_IOP
	VALUES ("253b7aee-5420-4bb3-894e-79ee6eb68b2c",
	4,
	8,
	4,
	1,
	"00000000-0000-0000-0000-000000000000",
	"55afac66-d149-4d24-9466-0c4a6f48dcf5",
	"00000000-0000-0000-0000-000000000000");
INSERT INTO V_VAL
	VALUES ("af7c7cda-8814-451f-abcb-d79988a02d0f",
	0,
	0,
	1,
	26,
	29,
	0,
	0,
	0,
	0,
	"ba5eda7a-def5-0000-0000-000000000008",
	"c44c60a4-2f5e-48fe-9348-148b0011c805");
INSERT INTO V_IRF
	VALUES ("af7c7cda-8814-451f-abcb-d79988a02d0f",
	"d6d52c53-5a93-4bb5-a48e-024bea261542");
INSERT INTO V_VAL
	VALUES ("8adf1a89-3910-457d-bc3c-f1ff662c8baf",
	0,
	0,
	3,
	20,
	21,
	0,
	0,
	0,
	0,
	"ba5eda7a-def5-0000-0000-000000000008",
	"c44c60a4-2f5e-48fe-9348-148b0011c805");
INSERT INTO V_IRF
	VALUES ("8adf1a89-3910-457d-bc3c-f1ff662c8baf",
	"9d5b653c-4307-40db-8115-05ae8747a8ac");
INSERT INTO V_VAL
	VALUES ("30bf32ea-aabe-47ab-98cc-e04ada0dca58",
	0,
	0,
	3,
	23,
	28,
	0,
	0,
	0,
	0,
	"ba5eda7a-def5-0000-0000-000000000002",
	"c44c60a4-2f5e-48fe-9348-148b0011c805");
INSERT INTO V_AVL
	VALUES ("30bf32ea-aabe-47ab-98cc-e04ada0dca58",
	"8adf1a89-3910-457d-bc3c-f1ff662c8baf",
	"f4b02d30-b69f-40e7-bfb4-6e27a6845c7d",
	"82fc5d70-d7b0-46a0-a754-2fa4d21f7377");
INSERT INTO V_PAR
	VALUES ("30bf32ea-aabe-47ab-98cc-e04ada0dca58",
	"f77e6445-3a32-44dd-b24f-be6f60d34537",
	"00000000-0000-0000-0000-000000000000",
	'alt',
	"00000000-0000-0000-0000-000000000000",
	3,
	16);
INSERT INTO V_VAL
	VALUES ("1157c6e6-2e7b-4ea5-9994-ac9b5992a6c0",
	0,
	0,
	4,
	29,
	29,
	0,
	0,
	0,
	0,
	"ba5eda7a-def5-0000-0000-000000000002",
	"c44c60a4-2f5e-48fe-9348-148b0011c805");
INSERT INTO V_LIN
	VALUES ("1157c6e6-2e7b-4ea5-9994-ac9b5992a6c0",
	'0');
INSERT INTO V_VAL
	VALUES ("d8d060e5-b509-4ee0-ac0b-9d4ade366e2a",
	0,
	0,
	4,
	29,
	36,
	0,
	0,
	0,
	0,
	"ba5eda7a-def5-0000-0000-000000000003",
	"c44c60a4-2f5e-48fe-9348-148b0011c805");
INSERT INTO V_BIN
	VALUES ("d8d060e5-b509-4ee0-ac0b-9d4ade366e2a",
	"29f6eb03-741e-454d-aaee-b8dd90ad31e1",
	"1157c6e6-2e7b-4ea5-9994-ac9b5992a6c0",
	'+');
INSERT INTO V_PAR
	VALUES ("d8d060e5-b509-4ee0-ac0b-9d4ade366e2a",
	"253b7aee-5420-4bb3-894e-79ee6eb68b2c",
	"00000000-0000-0000-0000-000000000000",
	'heading',
	"00000000-0000-0000-0000-000000000000",
	4,
	21);
INSERT INTO V_VAL
	VALUES ("3ac86d22-82c9-4fe3-bd67-96d3b7878e34",
	0,
	0,
	4,
	31,
	32,
	0,
	0,
	0,
	0,
	"ba5eda7a-def5-0000-0000-000000000008",
	"c44c60a4-2f5e-48fe-9348-148b0011c805");
INSERT INTO V_IRF
	VALUES ("3ac86d22-82c9-4fe3-bd67-96d3b7878e34",
	"9d5b653c-4307-40db-8115-05ae8747a8ac");
INSERT INTO V_VAL
	VALUES ("29f6eb03-741e-454d-aaee-b8dd90ad31e1",
	0,
	0,
	4,
	34,
	36,
	0,
	0,
	0,
	0,
	"ba5eda7a-def5-0000-0000-000000000003",
	"c44c60a4-2f5e-48fe-9348-148b0011c805");
INSERT INTO V_AVL
	VALUES ("29f6eb03-741e-454d-aaee-b8dd90ad31e1",
	"3ac86d22-82c9-4fe3-bd67-96d3b7878e34",
	"f4b02d30-b69f-40e7-bfb4-6e27a6845c7d",
	"6a26ef28-ed14-4947-bb87-b0762499e9ad");
INSERT INTO V_VAR
	VALUES ("9d5b653c-4307-40db-8115-05ae8747a8ac",
	"c44c60a4-2f5e-48fe-9348-148b0011c805",
	'wp',
	1,
	"ba5eda7a-def5-0000-0000-000000000008");
INSERT INTO V_INT
	VALUES ("9d5b653c-4307-40db-8115-05ae8747a8ac",
	0,
	"f4b02d30-b69f-40e7-bfb4-6e27a6845c7d");
INSERT INTO V_VAR
	VALUES ("d6d52c53-5a93-4bb5-a48e-024bea261542",
	"c44c60a4-2f5e-48fe-9348-148b0011c805",
	'self',
	1,
	"ba5eda7a-def5-0000-0000-000000000008");
INSERT INTO V_INT
	VALUES ("d6d52c53-5a93-4bb5-a48e-024bea261542",
	0,
	"44c11680-c695-4cd0-8c5c-49bc06b14528");
INSERT INTO SM_STATE
	VALUES ("7d2ef8b5-26f5-4438-aec4-92baaefee92e",
	"c0c74364-95af-42df-a665-9e2fd1a7f507",
	"00000000-0000-0000-0000-000000000000",
	'go',
	3,
	0);
INSERT INTO SM_CH
	VALUES ("7d2ef8b5-26f5-4438-aec4-92baaefee92e",
	"26caf769-2f00-4ee1-8664-83ff862aa1c5",
	"c0c74364-95af-42df-a665-9e2fd1a7f507",
	"00000000-0000-0000-0000-000000000000",
	'');
INSERT INTO SM_SEME
	VALUES ("7d2ef8b5-26f5-4438-aec4-92baaefee92e",
	"26caf769-2f00-4ee1-8664-83ff862aa1c5",
	"c0c74364-95af-42df-a665-9e2fd1a7f507",
	"00000000-0000-0000-0000-000000000000");
INSERT INTO SM_SEME
	VALUES ("7d2ef8b5-26f5-4438-aec4-92baaefee92e",
	"b8dcfa69-53b7-440a-8ceb-a235f197459c",
	"c0c74364-95af-42df-a665-9e2fd1a7f507",
	"00000000-0000-0000-0000-000000000000");
INSERT INTO SM_SEME
	VALUES ("7d2ef8b5-26f5-4438-aec4-92baaefee92e",
	"99a68282-9ed9-4456-b5d6-b59430557c5b",
	"c0c74364-95af-42df-a665-9e2fd1a7f507",
	"00000000-0000-0000-0000-000000000000");
INSERT INTO SM_MOAH
	VALUES ("a396db14-d9b5-40cd-8531-9012ebf07dec",
	"c0c74364-95af-42df-a665-9e2fd1a7f507",
	"7d2ef8b5-26f5-4438-aec4-92baaefee92e");
INSERT INTO SM_AH
	VALUES ("a396db14-d9b5-40cd-8531-9012ebf07dec",
	"c0c74364-95af-42df-a665-9e2fd1a7f507");
INSERT INTO SM_ACT
	VALUES ("a396db14-d9b5-40cd-8531-9012ebf07dec",
	"c0c74364-95af-42df-a665-9e2fd1a7f507",
	1,
	'select one wp related by self->Waypoint[R3.''is flying to''];
//select one house related by self->House[R4.''begin with''];

Port1::set_destination( x:wp.x, y:wp.y, z:wp.z );
Port1::set_heading( heading:wp.heading+wp.cal );

if(wp.counter1 == 0)
	wp.y = wp.housey;
	wp.heading = 90+wp.cal;
elif(wp.counter1 == 1)
	wp.x = 0;
	wp.heading = 180+wp.cal;
elif(wp.counter1 == 2)
	wp.y = 0;
	wp.heading = 270+wp.cal;
elif(wp.counter1 == 3)
	wp.x = 0;
	wp.heading = 0+wp.cal;
else
	wp.x = wp.housex;
	wp.y = 0;
	wp.heading = 0+wp.cal;
end if;


if(wp.counter1 == 4)
	wp.counter1 = 0;
	if(wp.z == 1)
		generate Controller3:''halt'' to self;
	end if;
elif(wp.counter1 == 3)
	if(wp.z == 2)
		wp.z = 1;
	else
		wp.z = wp.z - 2;
	end if;		
	wp.counter1 = wp.counter1 + 1;
else
	wp.counter1 = wp.counter1 + 1;
end if;

//select one next_wp related by wp->Waypoint[R2.''follows''];
//if(not_empty next_wp)
//	relate self to next_wp across R3.''is flying to'';
//else
//	generate Controller3:''halt'' to self;
//end if;

',
	'',
	0);
INSERT INTO ACT_SAB
	VALUES ("39113b78-6b02-4c83-9f5f-864cb47093e1",
	"c0c74364-95af-42df-a665-9e2fd1a7f507",
	"a396db14-d9b5-40cd-8531-9012ebf07dec");
INSERT INTO ACT_ACT
	VALUES ("39113b78-6b02-4c83-9f5f-864cb47093e1",
	'state',
	0,
	"cbdd547e-0e65-4a80-a815-2f63ab31c4a6",
	"00000000-0000-0000-0000-000000000000",
	0,
	'Controller::go',
	"00000000-0000-0000-0000-000000000000");
INSERT INTO ACT_BLK
	VALUES ("cbdd547e-0e65-4a80-a815-2f63ab31c4a6",
	1,
	0,
	0,
	'Port1',
	'',
	'',
	38,
	1,
	5,
	1,
	0,
	0,
	1,
	41,
	1,
	44,
	0,
	0,
	0,
	"39113b78-6b02-4c83-9f5f-864cb47093e1",
	"00000000-0000-0000-0000-000000000000");
INSERT INTO ACT_SMT
	VALUES ("01a32ce4-c4c7-43d0-b574-9c96a1302bd9",
	"cbdd547e-0e65-4a80-a815-2f63ab31c4a6",
	"b5939390-9d21-44bc-9617-eb0a338df83c",
	1,
	1,
	'Controller::go line: 1');
INSERT INTO ACT_SEL
	VALUES ("01a32ce4-c4c7-43d0-b574-9c96a1302bd9",
	"22186d64-ddd6-4e93-b568-5a7e6becd1e1",
	1,
	'one',
	"06c10486-b82d-4bfb-88b0-bcc234a7ec4c");
INSERT INTO ACT_SR
	VALUES ("01a32ce4-c4c7-43d0-b574-9c96a1302bd9");
INSERT INTO ACT_LNK
	VALUES ("37d01ed8-a6c5-4b02-a753-e8600371ff11",
	'''is flying to''',
	"01a32ce4-c4c7-43d0-b574-9c96a1302bd9",
	"9841cfd9-f67c-42ae-8a47-536937150771",
	"00000000-0000-0000-0000-000000000000",
	1,
	"f4b02d30-b69f-40e7-bfb4-6e27a6845c7d",
	1,
	32,
	1,
	41,
	1,
	44);
INSERT INTO ACT_SMT
	VALUES ("b5939390-9d21-44bc-9617-eb0a338df83c",
	"cbdd547e-0e65-4a80-a815-2f63ab31c4a6",
	"4847b3f5-8672-4259-a9e3-d5e8334960ac",
	4,
	1,
	'Controller::go line: 4');
INSERT INTO ACT_IOP
	VALUES ("b5939390-9d21-44bc-9617-eb0a338df83c",
	4,
	8,
	4,
	1,
	"00000000-0000-0000-0000-000000000000",
	"0b7b0648-980a-4657-9783-453131e6af11",
	"00000000-0000-0000-0000-000000000000");
INSERT INTO ACT_SMT
	VALUES ("4847b3f5-8672-4259-a9e3-d5e8334960ac",
	"cbdd547e-0e65-4a80-a815-2f63ab31c4a6",
	"137d095e-fed5-4bae-8213-b08d97e52e5a",
	5,
	1,
	'Controller::go line: 5');
INSERT INTO ACT_IOP
	VALUES ("4847b3f5-8672-4259-a9e3-d5e8334960ac",
	5,
	8,
	5,
	1,
	"00000000-0000-0000-0000-000000000000",
	"55afac66-d149-4d24-9466-0c4a6f48dcf5",
	"00000000-0000-0000-0000-000000000000");
INSERT INTO ACT_SMT
	VALUES ("137d095e-fed5-4bae-8213-b08d97e52e5a",
	"cbdd547e-0e65-4a80-a815-2f63ab31c4a6",
	"6a24eb1f-fc5d-41b4-aa53-2e32b87ca6c8",
	7,
	1,
	'Controller::go line: 7');
INSERT INTO ACT_IF
	VALUES ("137d095e-fed5-4bae-8213-b08d97e52e5a",
	"9d925863-b856-4d9a-8765-ce1b9fd0c246",
	"37e8fd24-58ca-448c-a634-66a51a574189",
	"00000000-0000-0000-0000-000000000000",
	"00000000-0000-0000-0000-000000000000");
INSERT INTO ACT_SMT
	VALUES ("49ae2371-7242-4b63-9107-4619a5320fcd",
	"cbdd547e-0e65-4a80-a815-2f63ab31c4a6",
	"00000000-0000-0000-0000-000000000000",
	10,
	1,
	'Controller::go line: 10');
INSERT INTO ACT_EL
	VALUES ("49ae2371-7242-4b63-9107-4619a5320fcd",
	"9138cf7b-ea41-4a75-b3cb-3fe713594162",
	"0ec4773a-96ab-4f03-8fbf-c1a5d4875543",
	"137d095e-fed5-4bae-8213-b08d97e52e5a");
INSERT INTO ACT_SMT
	VALUES ("07dfd4a7-4de1-4cbd-a74e-a5332192b840",
	"cbdd547e-0e65-4a80-a815-2f63ab31c4a6",
	"00000000-0000-0000-0000-000000000000",
	13,
	1,
	'Controller::go line: 13');
INSERT INTO ACT_EL
	VALUES ("07dfd4a7-4de1-4cbd-a74e-a5332192b840",
	"dded3936-0fe6-42fe-840b-787b9bbba38d",
	"fa10d0d1-c8aa-4cb4-b122-976e31ee26b1",
	"137d095e-fed5-4bae-8213-b08d97e52e5a");
INSERT INTO ACT_SMT
	VALUES ("cb531081-df40-41c5-bcc7-b71bbd43cc53",
	"cbdd547e-0e65-4a80-a815-2f63ab31c4a6",
	"00000000-0000-0000-0000-000000000000",
	16,
	1,
	'Controller::go line: 16');
INSERT INTO ACT_EL
	VALUES ("cb531081-df40-41c5-bcc7-b71bbd43cc53",
	"ba05d1ef-89cd-45bb-afcc-e58ac3a00288",
	"261f4a68-1db9-47da-8e7a-7692393b5522",
	"137d095e-fed5-4bae-8213-b08d97e52e5a");
INSERT INTO ACT_SMT
	VALUES ("c356883e-1f31-4247-98d4-db5eab557da1",
	"cbdd547e-0e65-4a80-a815-2f63ab31c4a6",
	"00000000-0000-0000-0000-000000000000",
	19,
	1,
	'Controller::go line: 19');
INSERT INTO ACT_E
	VALUES ("c356883e-1f31-4247-98d4-db5eab557da1",
	"e20414ea-2c7f-4479-95ad-002dc35b1a9a",
	"137d095e-fed5-4bae-8213-b08d97e52e5a");
INSERT INTO ACT_SMT
	VALUES ("6a24eb1f-fc5d-41b4-aa53-2e32b87ca6c8",
	"cbdd547e-0e65-4a80-a815-2f63ab31c4a6",
	"00000000-0000-0000-0000-000000000000",
	26,
	1,
	'Controller::go line: 26');
INSERT INTO ACT_IF
	VALUES ("6a24eb1f-fc5d-41b4-aa53-2e32b87ca6c8",
	"2a06899c-56d8-4896-800d-30252e9c1aca",
	"e448bb26-63a7-451a-b777-5fd8d61601dc",
	"00000000-0000-0000-0000-000000000000",
	"00000000-0000-0000-0000-000000000000");
INSERT INTO ACT_SMT
	VALUES ("9035c242-ea61-47c5-ac5d-3d6ef7418273",
	"cbdd547e-0e65-4a80-a815-2f63ab31c4a6",
	"00000000-0000-0000-0000-000000000000",
	31,
	1,
	'Controller::go line: 31');
INSERT INTO ACT_EL
	VALUES ("9035c242-ea61-47c5-ac5d-3d6ef7418273",
	"1f1745fe-728b-43e8-a988-4ffe71041c30",
	"33b75321-8baa-4e0d-b273-79f80f036707",
	"6a24eb1f-fc5d-41b4-aa53-2e32b87ca6c8");
INSERT INTO ACT_SMT
	VALUES ("b92bf5fe-2ad1-48ba-ae39-96f3c762a4c9",
	"cbdd547e-0e65-4a80-a815-2f63ab31c4a6",
	"00000000-0000-0000-0000-000000000000",
	38,
	1,
	'Controller::go line: 38');
INSERT INTO ACT_E
	VALUES ("b92bf5fe-2ad1-48ba-ae39-96f3c762a4c9",
	"f2cc4f0d-1f6c-4b65-ba8a-e3a564f8dbc5",
	"6a24eb1f-fc5d-41b4-aa53-2e32b87ca6c8");
INSERT INTO V_VAL
	VALUES ("06c10486-b82d-4bfb-88b0-bcc234a7ec4c",
	0,
	0,
	1,
	26,
	29,
	0,
	0,
	0,
	0,
	"ba5eda7a-def5-0000-0000-000000000008",
	"cbdd547e-0e65-4a80-a815-2f63ab31c4a6");
INSERT INTO V_IRF
	VALUES ("06c10486-b82d-4bfb-88b0-bcc234a7ec4c",
	"c1fef564-671c-4201-b2cd-06367ada4901");
INSERT INTO V_VAL
	VALUES ("ff943815-ac7f-4756-8f7f-1b79b7870454",
	0,
	0,
	4,
	27,
	28,
	0,
	0,
	0,
	0,
	"ba5eda7a-def5-0000-0000-000000000008",
	"cbdd547e-0e65-4a80-a815-2f63ab31c4a6");
INSERT INTO V_IRF
	VALUES ("ff943815-ac7f-4756-8f7f-1b79b7870454",
	"22186d64-ddd6-4e93-b568-5a7e6becd1e1");
INSERT INTO V_VAL
	VALUES ("afc0209d-e9b0-412b-b2e1-9592219f5fa9",
	0,
	0,
	4,
	30,
	30,
	0,
	0,
	0,
	0,
	"ba5eda7a-def5-0000-0000-000000000003",
	"cbdd547e-0e65-4a80-a815-2f63ab31c4a6");
INSERT INTO V_AVL
	VALUES ("afc0209d-e9b0-412b-b2e1-9592219f5fa9",
	"ff943815-ac7f-4756-8f7f-1b79b7870454",
	"f4b02d30-b69f-40e7-bfb4-6e27a6845c7d",
	"2b44d0b1-921d-4330-9410-83ff50c044f3");
INSERT INTO V_PAR
	VALUES ("afc0209d-e9b0-412b-b2e1-9592219f5fa9",
	"b5939390-9d21-44bc-9617-eb0a338df83c",
	"00000000-0000-0000-0000-000000000000",
	'x',
	"804eeae0-9d54-479b-aae7-fa173f504e41",
	4,
	25);
INSERT INTO V_VAL
	VALUES ("586dbf63-465b-4c43-a954-8670de8413da",
	0,
	0,
	4,
	35,
	36,
	0,
	0,
	0,
	0,
	"ba5eda7a-def5-0000-0000-000000000008",
	"cbdd547e-0e65-4a80-a815-2f63ab31c4a6");
INSERT INTO V_IRF
	VALUES ("586dbf63-465b-4c43-a954-8670de8413da",
	"22186d64-ddd6-4e93-b568-5a7e6becd1e1");
INSERT INTO V_VAL
	VALUES ("804eeae0-9d54-479b-aae7-fa173f504e41",
	0,
	0,
	4,
	38,
	38,
	0,
	0,
	0,
	0,
	"ba5eda7a-def5-0000-0000-000000000003",
	"cbdd547e-0e65-4a80-a815-2f63ab31c4a6");
INSERT INTO V_AVL
	VALUES ("804eeae0-9d54-479b-aae7-fa173f504e41",
	"586dbf63-465b-4c43-a954-8670de8413da",
	"f4b02d30-b69f-40e7-bfb4-6e27a6845c7d",
	"c6881453-1f0f-4744-9d2b-55653b78c94f");
INSERT INTO V_PAR
	VALUES ("804eeae0-9d54-479b-aae7-fa173f504e41",
	"b5939390-9d21-44bc-9617-eb0a338df83c",
	"00000000-0000-0000-0000-000000000000",
	'y',
	"33d07048-bba3-4672-8662-8cdb72a2d501",
	4,
	33);
INSERT INTO V_VAL
	VALUES ("354d99ea-b866-41f4-be08-b89ed2609935",
	0,
	0,
	4,
	43,
	44,
	0,
	0,
	0,
	0,
	"ba5eda7a-def5-0000-0000-000000000008",
	"cbdd547e-0e65-4a80-a815-2f63ab31c4a6");
INSERT INTO V_IRF
	VALUES ("354d99ea-b866-41f4-be08-b89ed2609935",
	"22186d64-ddd6-4e93-b568-5a7e6becd1e1");
INSERT INTO V_VAL
	VALUES ("33d07048-bba3-4672-8662-8cdb72a2d501",
	0,
	0,
	4,
	46,
	46,
	0,
	0,
	0,
	0,
	"ba5eda7a-def5-0000-0000-000000000003",
	"cbdd547e-0e65-4a80-a815-2f63ab31c4a6");
INSERT INTO V_AVL
	VALUES ("33d07048-bba3-4672-8662-8cdb72a2d501",
	"354d99ea-b866-41f4-be08-b89ed2609935",
	"f4b02d30-b69f-40e7-bfb4-6e27a6845c7d",
	"26890257-b0dd-4ef0-a028-47a1b69664ca");
INSERT INTO V_PAR
	VALUES ("33d07048-bba3-4672-8662-8cdb72a2d501",
	"b5939390-9d21-44bc-9617-eb0a338df83c",
	"00000000-0000-0000-0000-000000000000",
	'z',
	"00000000-0000-0000-0000-000000000000",
	4,
	41);
INSERT INTO V_VAL
	VALUES ("b47ef26f-842f-4459-aac8-394084c9a9f1",
	0,
	0,
	5,
	29,
	30,
	0,
	0,
	0,
	0,
	"ba5eda7a-def5-0000-0000-000000000008",
	"cbdd547e-0e65-4a80-a815-2f63ab31c4a6");
INSERT INTO V_IRF
	VALUES ("b47ef26f-842f-4459-aac8-394084c9a9f1",
	"22186d64-ddd6-4e93-b568-5a7e6becd1e1");
INSERT INTO V_VAL
	VALUES ("c54705c2-c175-458c-b389-6900cc7ecc9c",
	0,
	0,
	5,
	32,
	38,
	0,
	0,
	0,
	0,
	"ba5eda7a-def5-0000-0000-000000000003",
	"cbdd547e-0e65-4a80-a815-2f63ab31c4a6");
INSERT INTO V_AVL
	VALUES ("c54705c2-c175-458c-b389-6900cc7ecc9c",
	"b47ef26f-842f-4459-aac8-394084c9a9f1",
	"f4b02d30-b69f-40e7-bfb4-6e27a6845c7d",
	"7711639f-a213-4bd9-99fe-419e53ee8d1c");
INSERT INTO V_VAL
	VALUES ("4b778fb9-d129-4b40-a862-345ca6f3fe52",
	0,
	0,
	5,
	32,
	45,
	0,
	0,
	0,
	0,
	"ba5eda7a-def5-0000-0000-000000000003",
	"cbdd547e-0e65-4a80-a815-2f63ab31c4a6");
INSERT INTO V_BIN
	VALUES ("4b778fb9-d129-4b40-a862-345ca6f3fe52",
	"cb5b8de8-5068-427a-90fd-a7e434d83578",
	"c54705c2-c175-458c-b389-6900cc7ecc9c",
	'+');
INSERT INTO V_PAR
	VALUES ("4b778fb9-d129-4b40-a862-345ca6f3fe52",
	"4847b3f5-8672-4259-a9e3-d5e8334960ac",
	"00000000-0000-0000-0000-000000000000",
	'heading',
	"00000000-0000-0000-0000-000000000000",
	5,
	21);
INSERT INTO V_VAL
	VALUES ("2b1ef915-f3b6-4cbb-be81-d9e48b124b99",
	0,
	0,
	5,
	40,
	41,
	0,
	0,
	0,
	0,
	"ba5eda7a-def5-0000-0000-000000000008",
	"cbdd547e-0e65-4a80-a815-2f63ab31c4a6");
INSERT INTO V_IRF
	VALUES ("2b1ef915-f3b6-4cbb-be81-d9e48b124b99",
	"22186d64-ddd6-4e93-b568-5a7e6becd1e1");
INSERT INTO V_VAL
	VALUES ("cb5b8de8-5068-427a-90fd-a7e434d83578",
	0,
	0,
	5,
	43,
	45,
	0,
	0,
	0,
	0,
	"ba5eda7a-def5-0000-0000-000000000003",
	"cbdd547e-0e65-4a80-a815-2f63ab31c4a6");
INSERT INTO V_AVL
	VALUES ("cb5b8de8-5068-427a-90fd-a7e434d83578",
	"2b1ef915-f3b6-4cbb-be81-d9e48b124b99",
	"f4b02d30-b69f-40e7-bfb4-6e27a6845c7d",
	"6a26ef28-ed14-4947-bb87-b0762499e9ad");
INSERT INTO V_VAL
	VALUES ("2c31eb8e-d7e4-4ac6-99f6-b6bed4d33472",
	0,
	0,
	7,
	4,
	5,
	0,
	0,
	0,
	0,
	"ba5eda7a-def5-0000-0000-000000000008",
	"cbdd547e-0e65-4a80-a815-2f63ab31c4a6");
INSERT INTO V_IRF
	VALUES ("2c31eb8e-d7e4-4ac6-99f6-b6bed4d33472",
	"22186d64-ddd6-4e93-b568-5a7e6becd1e1");
INSERT INTO V_VAL
	VALUES ("2382e228-5cf0-4d46-8e3a-7e3c96681f7f",
	0,
	0,
	7,
	7,
	14,
	0,
	0,
	0,
	0,
	"ba5eda7a-def5-0000-0000-000000000002",
	"cbdd547e-0e65-4a80-a815-2f63ab31c4a6");
INSERT INTO V_AVL
	VALUES ("2382e228-5cf0-4d46-8e3a-7e3c96681f7f",
	"2c31eb8e-d7e4-4ac6-99f6-b6bed4d33472",
	"f4b02d30-b69f-40e7-bfb4-6e27a6845c7d",
	"225b3597-bcef-452d-87dc-1bbbe73e7b9c");
INSERT INTO V_VAL
	VALUES ("37e8fd24-58ca-448c-a634-66a51a574189",
	0,
	0,
	7,
	7,
	19,
	0,
	0,
	0,
	0,
	"ba5eda7a-def5-0000-0000-000000000001",
	"cbdd547e-0e65-4a80-a815-2f63ab31c4a6");
INSERT INTO V_BIN
	VALUES ("37e8fd24-58ca-448c-a634-66a51a574189",
	"5ff7c521-b785-437d-a229-506e34fffa08",
	"2382e228-5cf0-4d46-8e3a-7e3c96681f7f",
	'==');
INSERT INTO V_VAL
	VALUES ("5ff7c521-b785-437d-a229-506e34fffa08",
	0,
	0,
	7,
	19,
	19,
	0,
	0,
	0,
	0,
	"ba5eda7a-def5-0000-0000-000000000002",
	"cbdd547e-0e65-4a80-a815-2f63ab31c4a6");
INSERT INTO V_LIN
	VALUES ("5ff7c521-b785-437d-a229-506e34fffa08",
	'0');
INSERT INTO V_VAL
	VALUES ("04f776e4-305c-43e9-a942-6c9cf9dd3412",
	0,
	0,
	10,
	6,
	7,
	0,
	0,
	0,
	0,
	"ba5eda7a-def5-0000-0000-000000000008",
	"cbdd547e-0e65-4a80-a815-2f63ab31c4a6");
INSERT INTO V_IRF
	VALUES ("04f776e4-305c-43e9-a942-6c9cf9dd3412",
	"22186d64-ddd6-4e93-b568-5a7e6becd1e1");
INSERT INTO V_VAL
	VALUES ("57ee0c9e-0146-44f9-9eba-a77a1fd62bc5",
	0,
	0,
	10,
	9,
	16,
	0,
	0,
	0,
	0,
	"ba5eda7a-def5-0000-0000-000000000002",
	"cbdd547e-0e65-4a80-a815-2f63ab31c4a6");
INSERT INTO V_AVL
	VALUES ("57ee0c9e-0146-44f9-9eba-a77a1fd62bc5",
	"04f776e4-305c-43e9-a942-6c9cf9dd3412",
	"f4b02d30-b69f-40e7-bfb4-6e27a6845c7d",
	"225b3597-bcef-452d-87dc-1bbbe73e7b9c");
INSERT INTO V_VAL
	VALUES ("0ec4773a-96ab-4f03-8fbf-c1a5d4875543",
	0,
	0,
	10,
	9,
	21,
	0,
	0,
	0,
	0,
	"ba5eda7a-def5-0000-0000-000000000001",
	"cbdd547e-0e65-4a80-a815-2f63ab31c4a6");
INSERT INTO V_BIN
	VALUES ("0ec4773a-96ab-4f03-8fbf-c1a5d4875543",
	"89f582be-3c9e-4212-8196-4b009dbf58c9",
	"57ee0c9e-0146-44f9-9eba-a77a1fd62bc5",
	'==');
INSERT INTO V_VAL
	VALUES ("89f582be-3c9e-4212-8196-4b009dbf58c9",
	0,
	0,
	10,
	21,
	21,
	0,
	0,
	0,
	0,
	"ba5eda7a-def5-0000-0000-000000000002",
	"cbdd547e-0e65-4a80-a815-2f63ab31c4a6");
INSERT INTO V_LIN
	VALUES ("89f582be-3c9e-4212-8196-4b009dbf58c9",
	'1');
INSERT INTO V_VAL
	VALUES ("28508eeb-355d-4942-8e88-da5948169712",
	0,
	0,
	13,
	6,
	7,
	0,
	0,
	0,
	0,
	"ba5eda7a-def5-0000-0000-000000000008",
	"cbdd547e-0e65-4a80-a815-2f63ab31c4a6");
INSERT INTO V_IRF
	VALUES ("28508eeb-355d-4942-8e88-da5948169712",
	"22186d64-ddd6-4e93-b568-5a7e6becd1e1");
INSERT INTO V_VAL
	VALUES ("d0e6b952-2132-4a8f-a509-b151c32cc3af",
	0,
	0,
	13,
	9,
	16,
	0,
	0,
	0,
	0,
	"ba5eda7a-def5-0000-0000-000000000002",
	"cbdd547e-0e65-4a80-a815-2f63ab31c4a6");
INSERT INTO V_AVL
	VALUES ("d0e6b952-2132-4a8f-a509-b151c32cc3af",
	"28508eeb-355d-4942-8e88-da5948169712",
	"f4b02d30-b69f-40e7-bfb4-6e27a6845c7d",
	"225b3597-bcef-452d-87dc-1bbbe73e7b9c");
INSERT INTO V_VAL
	VALUES ("fa10d0d1-c8aa-4cb4-b122-976e31ee26b1",
	0,
	0,
	13,
	9,
	21,
	0,
	0,
	0,
	0,
	"ba5eda7a-def5-0000-0000-000000000001",
	"cbdd547e-0e65-4a80-a815-2f63ab31c4a6");
INSERT INTO V_BIN
	VALUES ("fa10d0d1-c8aa-4cb4-b122-976e31ee26b1",
	"e8f146af-9b23-42f8-a572-6376b2d59400",
	"d0e6b952-2132-4a8f-a509-b151c32cc3af",
	'==');
INSERT INTO V_VAL
	VALUES ("e8f146af-9b23-42f8-a572-6376b2d59400",
	0,
	0,
	13,
	21,
	21,
	0,
	0,
	0,
	0,
	"ba5eda7a-def5-0000-0000-000000000002",
	"cbdd547e-0e65-4a80-a815-2f63ab31c4a6");
INSERT INTO V_LIN
	VALUES ("e8f146af-9b23-42f8-a572-6376b2d59400",
	'2');
INSERT INTO V_VAL
	VALUES ("24d80b30-a61a-483a-98e3-9f9650718abf",
	0,
	0,
	16,
	6,
	7,
	0,
	0,
	0,
	0,
	"ba5eda7a-def5-0000-0000-000000000008",
	"cbdd547e-0e65-4a80-a815-2f63ab31c4a6");
INSERT INTO V_IRF
	VALUES ("24d80b30-a61a-483a-98e3-9f9650718abf",
	"22186d64-ddd6-4e93-b568-5a7e6becd1e1");
INSERT INTO V_VAL
	VALUES ("2b9edbd5-f802-4d3a-8c97-20fa035ce662",
	0,
	0,
	16,
	9,
	16,
	0,
	0,
	0,
	0,
	"ba5eda7a-def5-0000-0000-000000000002",
	"cbdd547e-0e65-4a80-a815-2f63ab31c4a6");
INSERT INTO V_AVL
	VALUES ("2b9edbd5-f802-4d3a-8c97-20fa035ce662",
	"24d80b30-a61a-483a-98e3-9f9650718abf",
	"f4b02d30-b69f-40e7-bfb4-6e27a6845c7d",
	"225b3597-bcef-452d-87dc-1bbbe73e7b9c");
INSERT INTO V_VAL
	VALUES ("261f4a68-1db9-47da-8e7a-7692393b5522",
	0,
	0,
	16,
	9,
	21,
	0,
	0,
	0,
	0,
	"ba5eda7a-def5-0000-0000-000000000001",
	"cbdd547e-0e65-4a80-a815-2f63ab31c4a6");
INSERT INTO V_BIN
	VALUES ("261f4a68-1db9-47da-8e7a-7692393b5522",
	"45e956e0-855b-4d77-8887-fbe6b16d768e",
	"2b9edbd5-f802-4d3a-8c97-20fa035ce662",
	'==');
INSERT INTO V_VAL
	VALUES ("45e956e0-855b-4d77-8887-fbe6b16d768e",
	0,
	0,
	16,
	21,
	21,
	0,
	0,
	0,
	0,
	"ba5eda7a-def5-0000-0000-000000000002",
	"cbdd547e-0e65-4a80-a815-2f63ab31c4a6");
INSERT INTO V_LIN
	VALUES ("45e956e0-855b-4d77-8887-fbe6b16d768e",
	'3');
INSERT INTO V_VAL
	VALUES ("3d055a06-5b1e-44e4-8d46-04e6fcf30800",
	0,
	0,
	26,
	4,
	5,
	0,
	0,
	0,
	0,
	"ba5eda7a-def5-0000-0000-000000000008",
	"cbdd547e-0e65-4a80-a815-2f63ab31c4a6");
INSERT INTO V_IRF
	VALUES ("3d055a06-5b1e-44e4-8d46-04e6fcf30800",
	"22186d64-ddd6-4e93-b568-5a7e6becd1e1");
INSERT INTO V_VAL
	VALUES ("30853084-5e72-4bd2-9fae-e9ba5f80a0eb",
	0,
	0,
	26,
	7,
	14,
	0,
	0,
	0,
	0,
	"ba5eda7a-def5-0000-0000-000000000002",
	"cbdd547e-0e65-4a80-a815-2f63ab31c4a6");
INSERT INTO V_AVL
	VALUES ("30853084-5e72-4bd2-9fae-e9ba5f80a0eb",
	"3d055a06-5b1e-44e4-8d46-04e6fcf30800",
	"f4b02d30-b69f-40e7-bfb4-6e27a6845c7d",
	"225b3597-bcef-452d-87dc-1bbbe73e7b9c");
INSERT INTO V_VAL
	VALUES ("e448bb26-63a7-451a-b777-5fd8d61601dc",
	0,
	0,
	26,
	7,
	19,
	0,
	0,
	0,
	0,
	"ba5eda7a-def5-0000-0000-000000000001",
	"cbdd547e-0e65-4a80-a815-2f63ab31c4a6");
INSERT INTO V_BIN
	VALUES ("e448bb26-63a7-451a-b777-5fd8d61601dc",
	"1475fe2e-a212-4c7f-aa6b-8f986cef435e",
	"30853084-5e72-4bd2-9fae-e9ba5f80a0eb",
	'==');
INSERT INTO V_VAL
	VALUES ("1475fe2e-a212-4c7f-aa6b-8f986cef435e",
	0,
	0,
	26,
	19,
	19,
	0,
	0,
	0,
	0,
	"ba5eda7a-def5-0000-0000-000000000002",
	"cbdd547e-0e65-4a80-a815-2f63ab31c4a6");
INSERT INTO V_LIN
	VALUES ("1475fe2e-a212-4c7f-aa6b-8f986cef435e",
	'4');
INSERT INTO V_VAL
	VALUES ("9e00769b-d7df-4d78-a8f5-216eadfd5bde",
	0,
	0,
	31,
	6,
	7,
	0,
	0,
	0,
	0,
	"ba5eda7a-def5-0000-0000-000000000008",
	"cbdd547e-0e65-4a80-a815-2f63ab31c4a6");
INSERT INTO V_IRF
	VALUES ("9e00769b-d7df-4d78-a8f5-216eadfd5bde",
	"22186d64-ddd6-4e93-b568-5a7e6becd1e1");
INSERT INTO V_VAL
	VALUES ("7df61436-a352-4edb-aa34-3a8bfb992992",
	0,
	0,
	31,
	9,
	16,
	0,
	0,
	0,
	0,
	"ba5eda7a-def5-0000-0000-000000000002",
	"cbdd547e-0e65-4a80-a815-2f63ab31c4a6");
INSERT INTO V_AVL
	VALUES ("7df61436-a352-4edb-aa34-3a8bfb992992",
	"9e00769b-d7df-4d78-a8f5-216eadfd5bde",
	"f4b02d30-b69f-40e7-bfb4-6e27a6845c7d",
	"225b3597-bcef-452d-87dc-1bbbe73e7b9c");
INSERT INTO V_VAL
	VALUES ("33b75321-8baa-4e0d-b273-79f80f036707",
	0,
	0,
	31,
	9,
	21,
	0,
	0,
	0,
	0,
	"ba5eda7a-def5-0000-0000-000000000001",
	"cbdd547e-0e65-4a80-a815-2f63ab31c4a6");
INSERT INTO V_BIN
	VALUES ("33b75321-8baa-4e0d-b273-79f80f036707",
	"8a913b5b-78a5-4a81-acbe-39bc850ebe18",
	"7df61436-a352-4edb-aa34-3a8bfb992992",
	'==');
INSERT INTO V_VAL
	VALUES ("8a913b5b-78a5-4a81-acbe-39bc850ebe18",
	0,
	0,
	31,
	21,
	21,
	0,
	0,
	0,
	0,
	"ba5eda7a-def5-0000-0000-000000000002",
	"cbdd547e-0e65-4a80-a815-2f63ab31c4a6");
INSERT INTO V_LIN
	VALUES ("8a913b5b-78a5-4a81-acbe-39bc850ebe18",
	'3');
INSERT INTO V_VAR
	VALUES ("22186d64-ddd6-4e93-b568-5a7e6becd1e1",
	"cbdd547e-0e65-4a80-a815-2f63ab31c4a6",
	'wp',
	1,
	"ba5eda7a-def5-0000-0000-000000000008");
INSERT INTO V_INT
	VALUES ("22186d64-ddd6-4e93-b568-5a7e6becd1e1",
	0,
	"f4b02d30-b69f-40e7-bfb4-6e27a6845c7d");
INSERT INTO V_VAR
	VALUES ("c1fef564-671c-4201-b2cd-06367ada4901",
	"cbdd547e-0e65-4a80-a815-2f63ab31c4a6",
	'self',
	1,
	"ba5eda7a-def5-0000-0000-000000000008");
INSERT INTO V_INT
	VALUES ("c1fef564-671c-4201-b2cd-06367ada4901",
	0,
	"44c11680-c695-4cd0-8c5c-49bc06b14528");
INSERT INTO ACT_BLK
	VALUES ("9d925863-b856-4d9a-8765-ce1b9fd0c246",
	0,
	0,
	0,
	'',
	'',
	'',
	9,
	2,
	0,
	0,
	0,
	0,
	0,
	0,
	0,
	0,
	0,
	0,
	0,
	"39113b78-6b02-4c83-9f5f-864cb47093e1",
	"00000000-0000-0000-0000-000000000000");
INSERT INTO ACT_SMT
	VALUES ("99a6eee7-469f-4257-a2e4-4ca47d752399",
	"9d925863-b856-4d9a-8765-ce1b9fd0c246",
	"7f58b0ef-2ee1-4ce4-ad55-259b1adf0727",
	8,
	2,
	'Controller::go line: 8');
INSERT INTO ACT_AI
	VALUES ("99a6eee7-469f-4257-a2e4-4ca47d752399",
	"060fdabe-d603-4ff4-a875-4452ed15950a",
	"1bf3ae5f-7a9c-4483-810b-aa38df1f0222",
	0,
	0);
INSERT INTO ACT_SMT
	VALUES ("7f58b0ef-2ee1-4ce4-ad55-259b1adf0727",
	"9d925863-b856-4d9a-8765-ce1b9fd0c246",
	"00000000-0000-0000-0000-000000000000",
	9,
	2,
	'Controller::go line: 9');
INSERT INTO ACT_AI
	VALUES ("7f58b0ef-2ee1-4ce4-ad55-259b1adf0727",
	"ea000ee5-f140-4d70-ab66-260dd5964933",
	"81dc84e7-427a-4dcb-b915-43f6ee539116",
	0,
	0);
INSERT INTO V_VAL
	VALUES ("fa8d5b59-2667-423d-a496-2438ca7390ad",
	1,
	0,
	8,
	2,
	3,
	0,
	0,
	0,
	0,
	"ba5eda7a-def5-0000-0000-000000000008",
	"9d925863-b856-4d9a-8765-ce1b9fd0c246");
INSERT INTO V_IRF
	VALUES ("fa8d5b59-2667-423d-a496-2438ca7390ad",
	"22186d64-ddd6-4e93-b568-5a7e6becd1e1");
INSERT INTO V_VAL
	VALUES ("1bf3ae5f-7a9c-4483-810b-aa38df1f0222",
	1,
	0,
	8,
	5,
	5,
	0,
	0,
	0,
	0,
	"ba5eda7a-def5-0000-0000-000000000003",
	"9d925863-b856-4d9a-8765-ce1b9fd0c246");
INSERT INTO V_AVL
	VALUES ("1bf3ae5f-7a9c-4483-810b-aa38df1f0222",
	"fa8d5b59-2667-423d-a496-2438ca7390ad",
	"f4b02d30-b69f-40e7-bfb4-6e27a6845c7d",
	"c6881453-1f0f-4744-9d2b-55653b78c94f");
INSERT INTO V_VAL
	VALUES ("75f5cf95-0507-4ac6-aa57-e23ad1188a4f",
	0,
	0,
	8,
	9,
	10,
	0,
	0,
	0,
	0,
	"ba5eda7a-def5-0000-0000-000000000008",
	"9d925863-b856-4d9a-8765-ce1b9fd0c246");
INSERT INTO V_IRF
	VALUES ("75f5cf95-0507-4ac6-aa57-e23ad1188a4f",
	"22186d64-ddd6-4e93-b568-5a7e6becd1e1");
INSERT INTO V_VAL
	VALUES ("060fdabe-d603-4ff4-a875-4452ed15950a",
	0,
	0,
	8,
	12,
	17,
	0,
	0,
	0,
	0,
	"ba5eda7a-def5-0000-0000-000000000002",
	"9d925863-b856-4d9a-8765-ce1b9fd0c246");
INSERT INTO V_AVL
	VALUES ("060fdabe-d603-4ff4-a875-4452ed15950a",
	"75f5cf95-0507-4ac6-aa57-e23ad1188a4f",
	"f4b02d30-b69f-40e7-bfb4-6e27a6845c7d",
	"a0f97620-79fc-4289-aa6b-cc22a1d1352e");
INSERT INTO V_VAL
	VALUES ("620b42ee-5320-4c1e-9547-d52b4d1ab781",
	1,
	0,
	9,
	2,
	3,
	0,
	0,
	0,
	0,
	"ba5eda7a-def5-0000-0000-000000000008",
	"9d925863-b856-4d9a-8765-ce1b9fd0c246");
INSERT INTO V_IRF
	VALUES ("620b42ee-5320-4c1e-9547-d52b4d1ab781",
	"22186d64-ddd6-4e93-b568-5a7e6becd1e1");
INSERT INTO V_VAL
	VALUES ("81dc84e7-427a-4dcb-b915-43f6ee539116",
	1,
	0,
	9,
	5,
	11,
	0,
	0,
	0,
	0,
	"ba5eda7a-def5-0000-0000-000000000003",
	"9d925863-b856-4d9a-8765-ce1b9fd0c246");
INSERT INTO V_AVL
	VALUES ("81dc84e7-427a-4dcb-b915-43f6ee539116",
	"620b42ee-5320-4c1e-9547-d52b4d1ab781",
	"f4b02d30-b69f-40e7-bfb4-6e27a6845c7d",
	"7711639f-a213-4bd9-99fe-419e53ee8d1c");
INSERT INTO V_VAL
	VALUES ("8baf719a-ef59-40aa-a4b7-227f9f4f768e",
	0,
	0,
	9,
	15,
	16,
	0,
	0,
	0,
	0,
	"ba5eda7a-def5-0000-0000-000000000002",
	"9d925863-b856-4d9a-8765-ce1b9fd0c246");
INSERT INTO V_LIN
	VALUES ("8baf719a-ef59-40aa-a4b7-227f9f4f768e",
	'90');
INSERT INTO V_VAL
	VALUES ("ea000ee5-f140-4d70-ab66-260dd5964933",
	0,
	0,
	9,
	15,
	23,
	0,
	0,
	0,
	0,
	"ba5eda7a-def5-0000-0000-000000000003",
	"9d925863-b856-4d9a-8765-ce1b9fd0c246");
INSERT INTO V_BIN
	VALUES ("ea000ee5-f140-4d70-ab66-260dd5964933",
	"83f0f305-6552-4701-bf70-71a12a1e7670",
	"8baf719a-ef59-40aa-a4b7-227f9f4f768e",
	'+');
INSERT INTO V_VAL
	VALUES ("e7bb69dc-fc5e-462f-a4e7-9c742272353c",
	0,
	0,
	9,
	18,
	19,
	0,
	0,
	0,
	0,
	"ba5eda7a-def5-0000-0000-000000000008",
	"9d925863-b856-4d9a-8765-ce1b9fd0c246");
INSERT INTO V_IRF
	VALUES ("e7bb69dc-fc5e-462f-a4e7-9c742272353c",
	"22186d64-ddd6-4e93-b568-5a7e6becd1e1");
INSERT INTO V_VAL
	VALUES ("83f0f305-6552-4701-bf70-71a12a1e7670",
	0,
	0,
	9,
	21,
	23,
	0,
	0,
	0,
	0,
	"ba5eda7a-def5-0000-0000-000000000003",
	"9d925863-b856-4d9a-8765-ce1b9fd0c246");
INSERT INTO V_AVL
	VALUES ("83f0f305-6552-4701-bf70-71a12a1e7670",
	"e7bb69dc-fc5e-462f-a4e7-9c742272353c",
	"f4b02d30-b69f-40e7-bfb4-6e27a6845c7d",
	"6a26ef28-ed14-4947-bb87-b0762499e9ad");
INSERT INTO ACT_BLK
	VALUES ("9138cf7b-ea41-4a75-b3cb-3fe713594162",
	0,
	0,
	0,
	'',
	'',
	'',
	12,
	2,
	0,
	0,
	0,
	0,
	0,
	0,
	0,
	0,
	0,
	0,
	0,
	"39113b78-6b02-4c83-9f5f-864cb47093e1",
	"00000000-0000-0000-0000-000000000000");
INSERT INTO ACT_SMT
	VALUES ("a447a6db-88b1-4f7a-ac32-150a7a0dde93",
	"9138cf7b-ea41-4a75-b3cb-3fe713594162",
	"a0beaffc-986c-4897-bcad-9dd19f344827",
	11,
	2,
	'Controller::go line: 11');
INSERT INTO ACT_AI
	VALUES ("a447a6db-88b1-4f7a-ac32-150a7a0dde93",
	"92632119-6891-4578-84a8-711e02a58d20",
	"e166d53a-03bd-4940-8a59-15fad87cd0a5",
	0,
	0);
INSERT INTO ACT_SMT
	VALUES ("a0beaffc-986c-4897-bcad-9dd19f344827",
	"9138cf7b-ea41-4a75-b3cb-3fe713594162",
	"00000000-0000-0000-0000-000000000000",
	12,
	2,
	'Controller::go line: 12');
INSERT INTO ACT_AI
	VALUES ("a0beaffc-986c-4897-bcad-9dd19f344827",
	"8808b538-54a0-44ca-b157-e15a221f8aab",
	"90d6e9b9-3d6b-4364-b681-71414ff78cb9",
	0,
	0);
INSERT INTO V_VAL
	VALUES ("4e0fb92a-76bf-4f65-a795-b58595a7b97e",
	1,
	0,
	11,
	2,
	3,
	0,
	0,
	0,
	0,
	"ba5eda7a-def5-0000-0000-000000000008",
	"9138cf7b-ea41-4a75-b3cb-3fe713594162");
INSERT INTO V_IRF
	VALUES ("4e0fb92a-76bf-4f65-a795-b58595a7b97e",
	"22186d64-ddd6-4e93-b568-5a7e6becd1e1");
INSERT INTO V_VAL
	VALUES ("e166d53a-03bd-4940-8a59-15fad87cd0a5",
	1,
	0,
	11,
	5,
	5,
	0,
	0,
	0,
	0,
	"ba5eda7a-def5-0000-0000-000000000003",
	"9138cf7b-ea41-4a75-b3cb-3fe713594162");
INSERT INTO V_AVL
	VALUES ("e166d53a-03bd-4940-8a59-15fad87cd0a5",
	"4e0fb92a-76bf-4f65-a795-b58595a7b97e",
	"f4b02d30-b69f-40e7-bfb4-6e27a6845c7d",
	"2b44d0b1-921d-4330-9410-83ff50c044f3");
INSERT INTO V_VAL
	VALUES ("92632119-6891-4578-84a8-711e02a58d20",
	0,
	0,
	11,
	9,
	9,
	0,
	0,
	0,
	0,
	"ba5eda7a-def5-0000-0000-000000000002",
	"9138cf7b-ea41-4a75-b3cb-3fe713594162");
INSERT INTO V_LIN
	VALUES ("92632119-6891-4578-84a8-711e02a58d20",
	'0');
INSERT INTO V_VAL
	VALUES ("49dec4ec-75c9-49d0-8495-0469961a1328",
	1,
	0,
	12,
	2,
	3,
	0,
	0,
	0,
	0,
	"ba5eda7a-def5-0000-0000-000000000008",
	"9138cf7b-ea41-4a75-b3cb-3fe713594162");
INSERT INTO V_IRF
	VALUES ("49dec4ec-75c9-49d0-8495-0469961a1328",
	"22186d64-ddd6-4e93-b568-5a7e6becd1e1");
INSERT INTO V_VAL
	VALUES ("90d6e9b9-3d6b-4364-b681-71414ff78cb9",
	1,
	0,
	12,
	5,
	11,
	0,
	0,
	0,
	0,
	"ba5eda7a-def5-0000-0000-000000000003",
	"9138cf7b-ea41-4a75-b3cb-3fe713594162");
INSERT INTO V_AVL
	VALUES ("90d6e9b9-3d6b-4364-b681-71414ff78cb9",
	"49dec4ec-75c9-49d0-8495-0469961a1328",
	"f4b02d30-b69f-40e7-bfb4-6e27a6845c7d",
	"7711639f-a213-4bd9-99fe-419e53ee8d1c");
INSERT INTO V_VAL
	VALUES ("3a946f9e-1c97-41fc-a23d-11a6339f9f94",
	0,
	0,
	12,
	15,
	17,
	0,
	0,
	0,
	0,
	"ba5eda7a-def5-0000-0000-000000000002",
	"9138cf7b-ea41-4a75-b3cb-3fe713594162");
INSERT INTO V_LIN
	VALUES ("3a946f9e-1c97-41fc-a23d-11a6339f9f94",
	'180');
INSERT INTO V_VAL
	VALUES ("8808b538-54a0-44ca-b157-e15a221f8aab",
	0,
	0,
	12,
	15,
	24,
	0,
	0,
	0,
	0,
	"ba5eda7a-def5-0000-0000-000000000003",
	"9138cf7b-ea41-4a75-b3cb-3fe713594162");
INSERT INTO V_BIN
	VALUES ("8808b538-54a0-44ca-b157-e15a221f8aab",
	"aa133b59-0517-40e2-b9f2-84603a7f0319",
	"3a946f9e-1c97-41fc-a23d-11a6339f9f94",
	'+');
INSERT INTO V_VAL
	VALUES ("0a33a7a0-a494-4920-a264-6562280e741f",
	0,
	0,
	12,
	19,
	20,
	0,
	0,
	0,
	0,
	"ba5eda7a-def5-0000-0000-000000000008",
	"9138cf7b-ea41-4a75-b3cb-3fe713594162");
INSERT INTO V_IRF
	VALUES ("0a33a7a0-a494-4920-a264-6562280e741f",
	"22186d64-ddd6-4e93-b568-5a7e6becd1e1");
INSERT INTO V_VAL
	VALUES ("aa133b59-0517-40e2-b9f2-84603a7f0319",
	0,
	0,
	12,
	22,
	24,
	0,
	0,
	0,
	0,
	"ba5eda7a-def5-0000-0000-000000000003",
	"9138cf7b-ea41-4a75-b3cb-3fe713594162");
INSERT INTO V_AVL
	VALUES ("aa133b59-0517-40e2-b9f2-84603a7f0319",
	"0a33a7a0-a494-4920-a264-6562280e741f",
	"f4b02d30-b69f-40e7-bfb4-6e27a6845c7d",
	"6a26ef28-ed14-4947-bb87-b0762499e9ad");
INSERT INTO ACT_BLK
	VALUES ("dded3936-0fe6-42fe-840b-787b9bbba38d",
	0,
	0,
	0,
	'',
	'',
	'',
	15,
	2,
	0,
	0,
	0,
	0,
	0,
	0,
	0,
	0,
	0,
	0,
	0,
	"39113b78-6b02-4c83-9f5f-864cb47093e1",
	"00000000-0000-0000-0000-000000000000");
INSERT INTO ACT_SMT
	VALUES ("a62b7e26-c970-4d12-9444-a87c7f22a555",
	"dded3936-0fe6-42fe-840b-787b9bbba38d",
	"274b4928-2d7a-4788-9c58-e064e16a5242",
	14,
	2,
	'Controller::go line: 14');
INSERT INTO ACT_AI
	VALUES ("a62b7e26-c970-4d12-9444-a87c7f22a555",
	"ef658bcd-80b1-4e53-84bd-2d2c8b940e67",
	"6df7a4e7-5a2b-490c-8e2d-9aab9bdd4154",
	0,
	0);
INSERT INTO ACT_SMT
	VALUES ("274b4928-2d7a-4788-9c58-e064e16a5242",
	"dded3936-0fe6-42fe-840b-787b9bbba38d",
	"00000000-0000-0000-0000-000000000000",
	15,
	2,
	'Controller::go line: 15');
INSERT INTO ACT_AI
	VALUES ("274b4928-2d7a-4788-9c58-e064e16a5242",
	"952288c2-fc8c-4c11-a7ea-03ce8dff6e56",
	"00a6532a-bc4b-45a9-b5e8-a61386393548",
	0,
	0);
INSERT INTO V_VAL
	VALUES ("85cea205-67ac-4396-9cff-8ac86f903160",
	1,
	0,
	14,
	2,
	3,
	0,
	0,
	0,
	0,
	"ba5eda7a-def5-0000-0000-000000000008",
	"dded3936-0fe6-42fe-840b-787b9bbba38d");
INSERT INTO V_IRF
	VALUES ("85cea205-67ac-4396-9cff-8ac86f903160",
	"22186d64-ddd6-4e93-b568-5a7e6becd1e1");
INSERT INTO V_VAL
	VALUES ("6df7a4e7-5a2b-490c-8e2d-9aab9bdd4154",
	1,
	0,
	14,
	5,
	5,
	0,
	0,
	0,
	0,
	"ba5eda7a-def5-0000-0000-000000000003",
	"dded3936-0fe6-42fe-840b-787b9bbba38d");
INSERT INTO V_AVL
	VALUES ("6df7a4e7-5a2b-490c-8e2d-9aab9bdd4154",
	"85cea205-67ac-4396-9cff-8ac86f903160",
	"f4b02d30-b69f-40e7-bfb4-6e27a6845c7d",
	"c6881453-1f0f-4744-9d2b-55653b78c94f");
INSERT INTO V_VAL
	VALUES ("ef658bcd-80b1-4e53-84bd-2d2c8b940e67",
	0,
	0,
	14,
	9,
	9,
	0,
	0,
	0,
	0,
	"ba5eda7a-def5-0000-0000-000000000002",
	"dded3936-0fe6-42fe-840b-787b9bbba38d");
INSERT INTO V_LIN
	VALUES ("ef658bcd-80b1-4e53-84bd-2d2c8b940e67",
	'0');
INSERT INTO V_VAL
	VALUES ("e6ae8bae-db31-446a-ba92-e1f5676dccbc",
	1,
	0,
	15,
	2,
	3,
	0,
	0,
	0,
	0,
	"ba5eda7a-def5-0000-0000-000000000008",
	"dded3936-0fe6-42fe-840b-787b9bbba38d");
INSERT INTO V_IRF
	VALUES ("e6ae8bae-db31-446a-ba92-e1f5676dccbc",
	"22186d64-ddd6-4e93-b568-5a7e6becd1e1");
INSERT INTO V_VAL
	VALUES ("00a6532a-bc4b-45a9-b5e8-a61386393548",
	1,
	0,
	15,
	5,
	11,
	0,
	0,
	0,
	0,
	"ba5eda7a-def5-0000-0000-000000000003",
	"dded3936-0fe6-42fe-840b-787b9bbba38d");
INSERT INTO V_AVL
	VALUES ("00a6532a-bc4b-45a9-b5e8-a61386393548",
	"e6ae8bae-db31-446a-ba92-e1f5676dccbc",
	"f4b02d30-b69f-40e7-bfb4-6e27a6845c7d",
	"7711639f-a213-4bd9-99fe-419e53ee8d1c");
INSERT INTO V_VAL
	VALUES ("96ea5085-cd88-4b0e-b32a-756ae8ee3deb",
	0,
	0,
	15,
	15,
	17,
	0,
	0,
	0,
	0,
	"ba5eda7a-def5-0000-0000-000000000002",
	"dded3936-0fe6-42fe-840b-787b9bbba38d");
INSERT INTO V_LIN
	VALUES ("96ea5085-cd88-4b0e-b32a-756ae8ee3deb",
	'270');
INSERT INTO V_VAL
	VALUES ("952288c2-fc8c-4c11-a7ea-03ce8dff6e56",
	0,
	0,
	15,
	15,
	24,
	0,
	0,
	0,
	0,
	"ba5eda7a-def5-0000-0000-000000000003",
	"dded3936-0fe6-42fe-840b-787b9bbba38d");
INSERT INTO V_BIN
	VALUES ("952288c2-fc8c-4c11-a7ea-03ce8dff6e56",
	"622f49d9-8ffa-4354-8351-f66ed2e6ee66",
	"96ea5085-cd88-4b0e-b32a-756ae8ee3deb",
	'+');
INSERT INTO V_VAL
	VALUES ("4530244d-3109-4761-9f1e-ca4c41795db7",
	0,
	0,
	15,
	19,
	20,
	0,
	0,
	0,
	0,
	"ba5eda7a-def5-0000-0000-000000000008",
	"dded3936-0fe6-42fe-840b-787b9bbba38d");
INSERT INTO V_IRF
	VALUES ("4530244d-3109-4761-9f1e-ca4c41795db7",
	"22186d64-ddd6-4e93-b568-5a7e6becd1e1");
INSERT INTO V_VAL
	VALUES ("622f49d9-8ffa-4354-8351-f66ed2e6ee66",
	0,
	0,
	15,
	22,
	24,
	0,
	0,
	0,
	0,
	"ba5eda7a-def5-0000-0000-000000000003",
	"dded3936-0fe6-42fe-840b-787b9bbba38d");
INSERT INTO V_AVL
	VALUES ("622f49d9-8ffa-4354-8351-f66ed2e6ee66",
	"4530244d-3109-4761-9f1e-ca4c41795db7",
	"f4b02d30-b69f-40e7-bfb4-6e27a6845c7d",
	"6a26ef28-ed14-4947-bb87-b0762499e9ad");
INSERT INTO ACT_BLK
	VALUES ("ba05d1ef-89cd-45bb-afcc-e58ac3a00288",
	0,
	0,
	0,
	'',
	'',
	'',
	18,
	2,
	0,
	0,
	0,
	0,
	0,
	0,
	0,
	0,
	0,
	0,
	0,
	"39113b78-6b02-4c83-9f5f-864cb47093e1",
	"00000000-0000-0000-0000-000000000000");
INSERT INTO ACT_SMT
	VALUES ("af24a5fa-1fa5-492b-8f8e-497aeefe399d",
	"ba05d1ef-89cd-45bb-afcc-e58ac3a00288",
	"f4796837-472b-434b-aa78-3176e4c1e0dc",
	17,
	2,
	'Controller::go line: 17');
INSERT INTO ACT_AI
	VALUES ("af24a5fa-1fa5-492b-8f8e-497aeefe399d",
	"9871c551-72c9-4060-973b-836cbea904d5",
	"3aa72307-b558-48a1-97b8-895ee53d1109",
	0,
	0);
INSERT INTO ACT_SMT
	VALUES ("f4796837-472b-434b-aa78-3176e4c1e0dc",
	"ba05d1ef-89cd-45bb-afcc-e58ac3a00288",
	"00000000-0000-0000-0000-000000000000",
	18,
	2,
	'Controller::go line: 18');
INSERT INTO ACT_AI
	VALUES ("f4796837-472b-434b-aa78-3176e4c1e0dc",
	"92d6dc39-b60f-4355-acef-0b6cf966095d",
	"54ae09ad-239e-48b1-95eb-3de51565a0b4",
	0,
	0);
INSERT INTO V_VAL
	VALUES ("c734cda0-43d8-4a43-a30f-494ab6e946c0",
	1,
	0,
	17,
	2,
	3,
	0,
	0,
	0,
	0,
	"ba5eda7a-def5-0000-0000-000000000008",
	"ba05d1ef-89cd-45bb-afcc-e58ac3a00288");
INSERT INTO V_IRF
	VALUES ("c734cda0-43d8-4a43-a30f-494ab6e946c0",
	"22186d64-ddd6-4e93-b568-5a7e6becd1e1");
INSERT INTO V_VAL
	VALUES ("3aa72307-b558-48a1-97b8-895ee53d1109",
	1,
	0,
	17,
	5,
	5,
	0,
	0,
	0,
	0,
	"ba5eda7a-def5-0000-0000-000000000003",
	"ba05d1ef-89cd-45bb-afcc-e58ac3a00288");
INSERT INTO V_AVL
	VALUES ("3aa72307-b558-48a1-97b8-895ee53d1109",
	"c734cda0-43d8-4a43-a30f-494ab6e946c0",
	"f4b02d30-b69f-40e7-bfb4-6e27a6845c7d",
	"2b44d0b1-921d-4330-9410-83ff50c044f3");
INSERT INTO V_VAL
	VALUES ("9871c551-72c9-4060-973b-836cbea904d5",
	0,
	0,
	17,
	9,
	9,
	0,
	0,
	0,
	0,
	"ba5eda7a-def5-0000-0000-000000000002",
	"ba05d1ef-89cd-45bb-afcc-e58ac3a00288");
INSERT INTO V_LIN
	VALUES ("9871c551-72c9-4060-973b-836cbea904d5",
	'0');
INSERT INTO V_VAL
	VALUES ("44c30495-e68b-45f9-90bd-d8f0ded1b743",
	1,
	0,
	18,
	2,
	3,
	0,
	0,
	0,
	0,
	"ba5eda7a-def5-0000-0000-000000000008",
	"ba05d1ef-89cd-45bb-afcc-e58ac3a00288");
INSERT INTO V_IRF
	VALUES ("44c30495-e68b-45f9-90bd-d8f0ded1b743",
	"22186d64-ddd6-4e93-b568-5a7e6becd1e1");
INSERT INTO V_VAL
	VALUES ("54ae09ad-239e-48b1-95eb-3de51565a0b4",
	1,
	0,
	18,
	5,
	11,
	0,
	0,
	0,
	0,
	"ba5eda7a-def5-0000-0000-000000000003",
	"ba05d1ef-89cd-45bb-afcc-e58ac3a00288");
INSERT INTO V_AVL
	VALUES ("54ae09ad-239e-48b1-95eb-3de51565a0b4",
	"44c30495-e68b-45f9-90bd-d8f0ded1b743",
	"f4b02d30-b69f-40e7-bfb4-6e27a6845c7d",
	"7711639f-a213-4bd9-99fe-419e53ee8d1c");
INSERT INTO V_VAL
	VALUES ("cd205b49-66ea-4f35-bfbc-3b6100bf5ca0",
	0,
	0,
	18,
	15,
	15,
	0,
	0,
	0,
	0,
	"ba5eda7a-def5-0000-0000-000000000002",
	"ba05d1ef-89cd-45bb-afcc-e58ac3a00288");
INSERT INTO V_LIN
	VALUES ("cd205b49-66ea-4f35-bfbc-3b6100bf5ca0",
	'0');
INSERT INTO V_VAL
	VALUES ("92d6dc39-b60f-4355-acef-0b6cf966095d",
	0,
	0,
	18,
	15,
	22,
	0,
	0,
	0,
	0,
	"ba5eda7a-def5-0000-0000-000000000003",
	"ba05d1ef-89cd-45bb-afcc-e58ac3a00288");
INSERT INTO V_BIN
	VALUES ("92d6dc39-b60f-4355-acef-0b6cf966095d",
	"fbbd15a3-4481-4ca8-8919-00e953756ea1",
	"cd205b49-66ea-4f35-bfbc-3b6100bf5ca0",
	'+');
INSERT INTO V_VAL
	VALUES ("0fc1378a-e5d9-44d3-9f1a-da0b3402a9ce",
	0,
	0,
	18,
	17,
	18,
	0,
	0,
	0,
	0,
	"ba5eda7a-def5-0000-0000-000000000008",
	"ba05d1ef-89cd-45bb-afcc-e58ac3a00288");
INSERT INTO V_IRF
	VALUES ("0fc1378a-e5d9-44d3-9f1a-da0b3402a9ce",
	"22186d64-ddd6-4e93-b568-5a7e6becd1e1");
INSERT INTO V_VAL
	VALUES ("fbbd15a3-4481-4ca8-8919-00e953756ea1",
	0,
	0,
	18,
	20,
	22,
	0,
	0,
	0,
	0,
	"ba5eda7a-def5-0000-0000-000000000003",
	"ba05d1ef-89cd-45bb-afcc-e58ac3a00288");
INSERT INTO V_AVL
	VALUES ("fbbd15a3-4481-4ca8-8919-00e953756ea1",
	"0fc1378a-e5d9-44d3-9f1a-da0b3402a9ce",
	"f4b02d30-b69f-40e7-bfb4-6e27a6845c7d",
	"6a26ef28-ed14-4947-bb87-b0762499e9ad");
INSERT INTO ACT_BLK
	VALUES ("e20414ea-2c7f-4479-95ad-002dc35b1a9a",
	0,
	0,
	0,
	'',
	'',
	'',
	22,
	2,
	0,
	0,
	0,
	0,
	0,
	0,
	0,
	0,
	0,
	0,
	0,
	"39113b78-6b02-4c83-9f5f-864cb47093e1",
	"00000000-0000-0000-0000-000000000000");
INSERT INTO ACT_SMT
	VALUES ("5e871860-18e6-49a0-97f6-52dba88e327a",
	"e20414ea-2c7f-4479-95ad-002dc35b1a9a",
	"2d7c6326-d6b6-481c-8718-4dec110267a7",
	20,
	2,
	'Controller::go line: 20');
INSERT INTO ACT_AI
	VALUES ("5e871860-18e6-49a0-97f6-52dba88e327a",
	"c05febdc-5f5f-4807-bce3-dba5342497e6",
	"193227ac-7417-4859-a8f3-5a7b14f81148",
	0,
	0);
INSERT INTO ACT_SMT
	VALUES ("2d7c6326-d6b6-481c-8718-4dec110267a7",
	"e20414ea-2c7f-4479-95ad-002dc35b1a9a",
	"50a8739c-48e4-4caa-aa24-66e5b571d2c8",
	21,
	2,
	'Controller::go line: 21');
INSERT INTO ACT_AI
	VALUES ("2d7c6326-d6b6-481c-8718-4dec110267a7",
	"48a79bea-3bf0-4c16-916e-df24ca15fe95",
	"9d8330f0-ec4b-4206-865b-e070cad9fbdb",
	0,
	0);
INSERT INTO ACT_SMT
	VALUES ("50a8739c-48e4-4caa-aa24-66e5b571d2c8",
	"e20414ea-2c7f-4479-95ad-002dc35b1a9a",
	"00000000-0000-0000-0000-000000000000",
	22,
	2,
	'Controller::go line: 22');
INSERT INTO ACT_AI
	VALUES ("50a8739c-48e4-4caa-aa24-66e5b571d2c8",
	"579f9f01-3d3d-4746-babd-f4c3d48eeaf6",
	"4fd06df3-6685-477c-89ac-2c48bd7a33f2",
	0,
	0);
INSERT INTO V_VAL
	VALUES ("969a574b-5721-47de-9c77-53b6a6b09b82",
	1,
	0,
	20,
	2,
	3,
	0,
	0,
	0,
	0,
	"ba5eda7a-def5-0000-0000-000000000008",
	"e20414ea-2c7f-4479-95ad-002dc35b1a9a");
INSERT INTO V_IRF
	VALUES ("969a574b-5721-47de-9c77-53b6a6b09b82",
	"22186d64-ddd6-4e93-b568-5a7e6becd1e1");
INSERT INTO V_VAL
	VALUES ("193227ac-7417-4859-a8f3-5a7b14f81148",
	1,
	0,
	20,
	5,
	5,
	0,
	0,
	0,
	0,
	"ba5eda7a-def5-0000-0000-000000000003",
	"e20414ea-2c7f-4479-95ad-002dc35b1a9a");
INSERT INTO V_AVL
	VALUES ("193227ac-7417-4859-a8f3-5a7b14f81148",
	"969a574b-5721-47de-9c77-53b6a6b09b82",
	"f4b02d30-b69f-40e7-bfb4-6e27a6845c7d",
	"2b44d0b1-921d-4330-9410-83ff50c044f3");
INSERT INTO V_VAL
	VALUES ("c69e34c0-7165-4386-bc8c-e9258314581d",
	0,
	0,
	20,
	9,
	10,
	0,
	0,
	0,
	0,
	"ba5eda7a-def5-0000-0000-000000000008",
	"e20414ea-2c7f-4479-95ad-002dc35b1a9a");
INSERT INTO V_IRF
	VALUES ("c69e34c0-7165-4386-bc8c-e9258314581d",
	"22186d64-ddd6-4e93-b568-5a7e6becd1e1");
INSERT INTO V_VAL
	VALUES ("c05febdc-5f5f-4807-bce3-dba5342497e6",
	0,
	0,
	20,
	12,
	17,
	0,
	0,
	0,
	0,
	"ba5eda7a-def5-0000-0000-000000000002",
	"e20414ea-2c7f-4479-95ad-002dc35b1a9a");
INSERT INTO V_AVL
	VALUES ("c05febdc-5f5f-4807-bce3-dba5342497e6",
	"c69e34c0-7165-4386-bc8c-e9258314581d",
	"f4b02d30-b69f-40e7-bfb4-6e27a6845c7d",
	"57700259-0d3a-4611-bccd-8ab4598a3805");
INSERT INTO V_VAL
	VALUES ("3e97050d-e2b0-4bcd-9c7a-eaba9a560711",
	1,
	0,
	21,
	2,
	3,
	0,
	0,
	0,
	0,
	"ba5eda7a-def5-0000-0000-000000000008",
	"e20414ea-2c7f-4479-95ad-002dc35b1a9a");
INSERT INTO V_IRF
	VALUES ("3e97050d-e2b0-4bcd-9c7a-eaba9a560711",
	"22186d64-ddd6-4e93-b568-5a7e6becd1e1");
INSERT INTO V_VAL
	VALUES ("9d8330f0-ec4b-4206-865b-e070cad9fbdb",
	1,
	0,
	21,
	5,
	5,
	0,
	0,
	0,
	0,
	"ba5eda7a-def5-0000-0000-000000000003",
	"e20414ea-2c7f-4479-95ad-002dc35b1a9a");
INSERT INTO V_AVL
	VALUES ("9d8330f0-ec4b-4206-865b-e070cad9fbdb",
	"3e97050d-e2b0-4bcd-9c7a-eaba9a560711",
	"f4b02d30-b69f-40e7-bfb4-6e27a6845c7d",
	"c6881453-1f0f-4744-9d2b-55653b78c94f");
INSERT INTO V_VAL
	VALUES ("48a79bea-3bf0-4c16-916e-df24ca15fe95",
	0,
	0,
	21,
	9,
	9,
	0,
	0,
	0,
	0,
	"ba5eda7a-def5-0000-0000-000000000002",
	"e20414ea-2c7f-4479-95ad-002dc35b1a9a");
INSERT INTO V_LIN
	VALUES ("48a79bea-3bf0-4c16-916e-df24ca15fe95",
	'0');
INSERT INTO V_VAL
	VALUES ("6fa7a816-cc76-4913-9860-46566b8457dc",
	1,
	0,
	22,
	2,
	3,
	0,
	0,
	0,
	0,
	"ba5eda7a-def5-0000-0000-000000000008",
	"e20414ea-2c7f-4479-95ad-002dc35b1a9a");
INSERT INTO V_IRF
	VALUES ("6fa7a816-cc76-4913-9860-46566b8457dc",
	"22186d64-ddd6-4e93-b568-5a7e6becd1e1");
INSERT INTO V_VAL
	VALUES ("4fd06df3-6685-477c-89ac-2c48bd7a33f2",
	1,
	0,
	22,
	5,
	11,
	0,
	0,
	0,
	0,
	"ba5eda7a-def5-0000-0000-000000000003",
	"e20414ea-2c7f-4479-95ad-002dc35b1a9a");
INSERT INTO V_AVL
	VALUES ("4fd06df3-6685-477c-89ac-2c48bd7a33f2",
	"6fa7a816-cc76-4913-9860-46566b8457dc",
	"f4b02d30-b69f-40e7-bfb4-6e27a6845c7d",
	"7711639f-a213-4bd9-99fe-419e53ee8d1c");
INSERT INTO V_VAL
	VALUES ("61c1ff70-6d6f-4a72-b2bc-385496986249",
	0,
	0,
	22,
	15,
	15,
	0,
	0,
	0,
	0,
	"ba5eda7a-def5-0000-0000-000000000002",
	"e20414ea-2c7f-4479-95ad-002dc35b1a9a");
INSERT INTO V_LIN
	VALUES ("61c1ff70-6d6f-4a72-b2bc-385496986249",
	'0');
INSERT INTO V_VAL
	VALUES ("579f9f01-3d3d-4746-babd-f4c3d48eeaf6",
	0,
	0,
	22,
	15,
	22,
	0,
	0,
	0,
	0,
	"ba5eda7a-def5-0000-0000-000000000003",
	"e20414ea-2c7f-4479-95ad-002dc35b1a9a");
INSERT INTO V_BIN
	VALUES ("579f9f01-3d3d-4746-babd-f4c3d48eeaf6",
	"93afae4c-c02b-442b-8f38-f462ca968cf3",
	"61c1ff70-6d6f-4a72-b2bc-385496986249",
	'+');
INSERT INTO V_VAL
	VALUES ("d9326e5b-507b-4fa4-a08e-95f5c73bd7fd",
	0,
	0,
	22,
	17,
	18,
	0,
	0,
	0,
	0,
	"ba5eda7a-def5-0000-0000-000000000008",
	"e20414ea-2c7f-4479-95ad-002dc35b1a9a");
INSERT INTO V_IRF
	VALUES ("d9326e5b-507b-4fa4-a08e-95f5c73bd7fd",
	"22186d64-ddd6-4e93-b568-5a7e6becd1e1");
INSERT INTO V_VAL
	VALUES ("93afae4c-c02b-442b-8f38-f462ca968cf3",
	0,
	0,
	22,
	20,
	22,
	0,
	0,
	0,
	0,
	"ba5eda7a-def5-0000-0000-000000000003",
	"e20414ea-2c7f-4479-95ad-002dc35b1a9a");
INSERT INTO V_AVL
	VALUES ("93afae4c-c02b-442b-8f38-f462ca968cf3",
	"d9326e5b-507b-4fa4-a08e-95f5c73bd7fd",
	"f4b02d30-b69f-40e7-bfb4-6e27a6845c7d",
	"6a26ef28-ed14-4947-bb87-b0762499e9ad");
INSERT INTO ACT_BLK
	VALUES ("2a06899c-56d8-4896-800d-30252e9c1aca",
	0,
	0,
	0,
	'',
	'',
	'',
	28,
	2,
	0,
	0,
	0,
	0,
	0,
	0,
	0,
	0,
	0,
	0,
	0,
	"39113b78-6b02-4c83-9f5f-864cb47093e1",
	"00000000-0000-0000-0000-000000000000");
INSERT INTO ACT_SMT
	VALUES ("2f45c12e-4937-4159-badd-a50aaa258402",
	"2a06899c-56d8-4896-800d-30252e9c1aca",
	"31e55a04-14d9-463d-a31f-e8247fc0ccd9",
	27,
	2,
	'Controller::go line: 27');
INSERT INTO ACT_AI
	VALUES ("2f45c12e-4937-4159-badd-a50aaa258402",
	"b4af4194-1cf2-4b9c-9388-4c06f21c58cd",
	"6b5c62cd-6a66-439c-b009-6f19db8adef6",
	0,
	0);
INSERT INTO ACT_SMT
	VALUES ("31e55a04-14d9-463d-a31f-e8247fc0ccd9",
	"2a06899c-56d8-4896-800d-30252e9c1aca",
	"00000000-0000-0000-0000-000000000000",
	28,
	2,
	'Controller::go line: 28');
INSERT INTO ACT_IF
	VALUES ("31e55a04-14d9-463d-a31f-e8247fc0ccd9",
	"6a3539e5-2d9a-4ffb-8c33-e9370bcf79e8",
	"c8c8759b-5a6d-4a6f-84e0-d3bafef216ed",
	"00000000-0000-0000-0000-000000000000",
	"00000000-0000-0000-0000-000000000000");
INSERT INTO V_VAL
	VALUES ("9827cb0c-4791-41db-ab99-70dae137071d",
	1,
	0,
	27,
	2,
	3,
	0,
	0,
	0,
	0,
	"ba5eda7a-def5-0000-0000-000000000008",
	"2a06899c-56d8-4896-800d-30252e9c1aca");
INSERT INTO V_IRF
	VALUES ("9827cb0c-4791-41db-ab99-70dae137071d",
	"22186d64-ddd6-4e93-b568-5a7e6becd1e1");
INSERT INTO V_VAL
	VALUES ("6b5c62cd-6a66-439c-b009-6f19db8adef6",
	1,
	0,
	27,
	5,
	12,
	0,
	0,
	0,
	0,
	"ba5eda7a-def5-0000-0000-000000000002",
	"2a06899c-56d8-4896-800d-30252e9c1aca");
INSERT INTO V_AVL
	VALUES ("6b5c62cd-6a66-439c-b009-6f19db8adef6",
	"9827cb0c-4791-41db-ab99-70dae137071d",
	"f4b02d30-b69f-40e7-bfb4-6e27a6845c7d",
	"225b3597-bcef-452d-87dc-1bbbe73e7b9c");
INSERT INTO V_VAL
	VALUES ("b4af4194-1cf2-4b9c-9388-4c06f21c58cd",
	0,
	0,
	27,
	16,
	16,
	0,
	0,
	0,
	0,
	"ba5eda7a-def5-0000-0000-000000000002",
	"2a06899c-56d8-4896-800d-30252e9c1aca");
INSERT INTO V_LIN
	VALUES ("b4af4194-1cf2-4b9c-9388-4c06f21c58cd",
	'0');
INSERT INTO V_VAL
	VALUES ("70f504a1-a605-4543-9f90-525e89e330f8",
	0,
	0,
	28,
	5,
	6,
	0,
	0,
	0,
	0,
	"ba5eda7a-def5-0000-0000-000000000008",
	"2a06899c-56d8-4896-800d-30252e9c1aca");
INSERT INTO V_IRF
	VALUES ("70f504a1-a605-4543-9f90-525e89e330f8",
	"22186d64-ddd6-4e93-b568-5a7e6becd1e1");
INSERT INTO V_VAL
	VALUES ("a4d15c9f-4226-4caf-8b05-538e3b7142fb",
	0,
	0,
	28,
	8,
	8,
	0,
	0,
	0,
	0,
	"ba5eda7a-def5-0000-0000-000000000003",
	"2a06899c-56d8-4896-800d-30252e9c1aca");
INSERT INTO V_AVL
	VALUES ("a4d15c9f-4226-4caf-8b05-538e3b7142fb",
	"70f504a1-a605-4543-9f90-525e89e330f8",
	"f4b02d30-b69f-40e7-bfb4-6e27a6845c7d",
	"26890257-b0dd-4ef0-a028-47a1b69664ca");
INSERT INTO V_VAL
	VALUES ("c8c8759b-5a6d-4a6f-84e0-d3bafef216ed",
	0,
	0,
	28,
	8,
	13,
	0,
	0,
	0,
	0,
	"ba5eda7a-def5-0000-0000-000000000001",
	"2a06899c-56d8-4896-800d-30252e9c1aca");
INSERT INTO V_BIN
	VALUES ("c8c8759b-5a6d-4a6f-84e0-d3bafef216ed",
	"b5c8f6fb-f66c-4aab-8270-cd0e8c1fcabc",
	"a4d15c9f-4226-4caf-8b05-538e3b7142fb",
	'==');
INSERT INTO V_VAL
	VALUES ("b5c8f6fb-f66c-4aab-8270-cd0e8c1fcabc",
	0,
	0,
	28,
	13,
	13,
	0,
	0,
	0,
	0,
	"ba5eda7a-def5-0000-0000-000000000002",
	"2a06899c-56d8-4896-800d-30252e9c1aca");
INSERT INTO V_LIN
	VALUES ("b5c8f6fb-f66c-4aab-8270-cd0e8c1fcabc",
	'1');
INSERT INTO ACT_BLK
	VALUES ("6a3539e5-2d9a-4ffb-8c33-e9370bcf79e8",
	0,
	0,
	0,
	'V_VAR.Var_ID',
	'',
	'',
	29,
	3,
	0,
	0,
	0,
	0,
	0,
	0,
	0,
	0,
	0,
	0,
	0,
	"39113b78-6b02-4c83-9f5f-864cb47093e1",
	"00000000-0000-0000-0000-000000000000");
INSERT INTO ACT_SMT
	VALUES ("14c8f594-387c-4884-86ab-fdf5705424f1",
	"6a3539e5-2d9a-4ffb-8c33-e9370bcf79e8",
	"00000000-0000-0000-0000-000000000000",
	29,
	3,
	'Controller::go line: 29');
INSERT INTO E_ESS
	VALUES ("14c8f594-387c-4884-86ab-fdf5705424f1",
	1,
	0,
	29,
	12,
	29,
	24,
	0,
	0,
	0,
	0,
	0,
	0);
INSERT INTO E_GES
	VALUES ("14c8f594-387c-4884-86ab-fdf5705424f1");
INSERT INTO E_GSME
	VALUES ("14c8f594-387c-4884-86ab-fdf5705424f1",
	"99a68282-9ed9-4456-b5d6-b59430557c5b");
INSERT INTO E_GEN
	VALUES ("14c8f594-387c-4884-86ab-fdf5705424f1",
	"c1fef564-671c-4201-b2cd-06367ada4901");
INSERT INTO ACT_BLK
	VALUES ("1f1745fe-728b-43e8-a988-4ffe71041c30",
	0,
	0,
	0,
	'',
	'',
	'',
	37,
	2,
	0,
	0,
	0,
	0,
	0,
	0,
	0,
	0,
	0,
	0,
	0,
	"39113b78-6b02-4c83-9f5f-864cb47093e1",
	"00000000-0000-0000-0000-000000000000");
INSERT INTO ACT_SMT
	VALUES ("5f13ab90-de69-4668-8138-a7dd5ee8e61b",
	"1f1745fe-728b-43e8-a988-4ffe71041c30",
	"698ac335-3850-4ae9-adbc-70e7b917d787",
	32,
	2,
	'Controller::go line: 32');
INSERT INTO ACT_IF
	VALUES ("5f13ab90-de69-4668-8138-a7dd5ee8e61b",
	"a30b0272-ae6f-402e-8049-6d0e99fd552c",
	"e0eb4b2f-b4f9-4f72-b4b3-c799862d7cff",
	"00000000-0000-0000-0000-000000000000",
	"00000000-0000-0000-0000-000000000000");
INSERT INTO ACT_SMT
	VALUES ("303c37d9-4179-410b-b002-0b0665185dd3",
	"1f1745fe-728b-43e8-a988-4ffe71041c30",
	"00000000-0000-0000-0000-000000000000",
	34,
	2,
	'Controller::go line: 34');
INSERT INTO ACT_E
	VALUES ("303c37d9-4179-410b-b002-0b0665185dd3",
	"6b5b4831-1ebc-4ba0-a494-178326e8bb61",
	"5f13ab90-de69-4668-8138-a7dd5ee8e61b");
INSERT INTO ACT_SMT
	VALUES ("698ac335-3850-4ae9-adbc-70e7b917d787",
	"1f1745fe-728b-43e8-a988-4ffe71041c30",
	"00000000-0000-0000-0000-000000000000",
	37,
	2,
	'Controller::go line: 37');
INSERT INTO ACT_AI
	VALUES ("698ac335-3850-4ae9-adbc-70e7b917d787",
	"eac85bce-ba35-473d-8fb8-b226c31c5ddf",
	"d14f0ebb-5e96-4ca7-b2f9-febaa8405581",
	0,
	0);
INSERT INTO V_VAL
	VALUES ("41d3568f-2ba8-47bf-a6dc-61be107291c3",
	0,
	0,
	32,
	5,
	6,
	0,
	0,
	0,
	0,
	"ba5eda7a-def5-0000-0000-000000000008",
	"1f1745fe-728b-43e8-a988-4ffe71041c30");
INSERT INTO V_IRF
	VALUES ("41d3568f-2ba8-47bf-a6dc-61be107291c3",
	"22186d64-ddd6-4e93-b568-5a7e6becd1e1");
INSERT INTO V_VAL
	VALUES ("09ada312-4dfc-42f3-bfbe-0be3f1b33b5b",
	0,
	0,
	32,
	8,
	8,
	0,
	0,
	0,
	0,
	"ba5eda7a-def5-0000-0000-000000000003",
	"1f1745fe-728b-43e8-a988-4ffe71041c30");
INSERT INTO V_AVL
	VALUES ("09ada312-4dfc-42f3-bfbe-0be3f1b33b5b",
	"41d3568f-2ba8-47bf-a6dc-61be107291c3",
	"f4b02d30-b69f-40e7-bfb4-6e27a6845c7d",
	"26890257-b0dd-4ef0-a028-47a1b69664ca");
INSERT INTO V_VAL
	VALUES ("e0eb4b2f-b4f9-4f72-b4b3-c799862d7cff",
	0,
	0,
	32,
	8,
	13,
	0,
	0,
	0,
	0,
	"ba5eda7a-def5-0000-0000-000000000001",
	"1f1745fe-728b-43e8-a988-4ffe71041c30");
INSERT INTO V_BIN
	VALUES ("e0eb4b2f-b4f9-4f72-b4b3-c799862d7cff",
	"8241e2ea-915d-4164-b470-34927bf16b6f",
	"09ada312-4dfc-42f3-bfbe-0be3f1b33b5b",
	'==');
INSERT INTO V_VAL
	VALUES ("8241e2ea-915d-4164-b470-34927bf16b6f",
	0,
	0,
	32,
	13,
	13,
	0,
	0,
	0,
	0,
	"ba5eda7a-def5-0000-0000-000000000002",
	"1f1745fe-728b-43e8-a988-4ffe71041c30");
INSERT INTO V_LIN
	VALUES ("8241e2ea-915d-4164-b470-34927bf16b6f",
	'2');
INSERT INTO V_VAL
	VALUES ("beb77548-0e73-41be-b5c3-78d5f1879a75",
	1,
	0,
	37,
	2,
	3,
	0,
	0,
	0,
	0,
	"ba5eda7a-def5-0000-0000-000000000008",
	"1f1745fe-728b-43e8-a988-4ffe71041c30");
INSERT INTO V_IRF
	VALUES ("beb77548-0e73-41be-b5c3-78d5f1879a75",
	"22186d64-ddd6-4e93-b568-5a7e6becd1e1");
INSERT INTO V_VAL
	VALUES ("d14f0ebb-5e96-4ca7-b2f9-febaa8405581",
	1,
	0,
	37,
	5,
	12,
	0,
	0,
	0,
	0,
	"ba5eda7a-def5-0000-0000-000000000002",
	"1f1745fe-728b-43e8-a988-4ffe71041c30");
INSERT INTO V_AVL
	VALUES ("d14f0ebb-5e96-4ca7-b2f9-febaa8405581",
	"beb77548-0e73-41be-b5c3-78d5f1879a75",
	"f4b02d30-b69f-40e7-bfb4-6e27a6845c7d",
	"225b3597-bcef-452d-87dc-1bbbe73e7b9c");
INSERT INTO V_VAL
	VALUES ("931e8599-1834-42cc-beab-452eaede40bf",
	0,
	0,
	37,
	16,
	17,
	0,
	0,
	0,
	0,
	"ba5eda7a-def5-0000-0000-000000000008",
	"1f1745fe-728b-43e8-a988-4ffe71041c30");
INSERT INTO V_IRF
	VALUES ("931e8599-1834-42cc-beab-452eaede40bf",
	"22186d64-ddd6-4e93-b568-5a7e6becd1e1");
INSERT INTO V_VAL
	VALUES ("7ec7068c-d4fa-4810-8788-dda432611be2",
	0,
	0,
	37,
	19,
	26,
	0,
	0,
	0,
	0,
	"ba5eda7a-def5-0000-0000-000000000002",
	"1f1745fe-728b-43e8-a988-4ffe71041c30");
INSERT INTO V_AVL
	VALUES ("7ec7068c-d4fa-4810-8788-dda432611be2",
	"931e8599-1834-42cc-beab-452eaede40bf",
	"f4b02d30-b69f-40e7-bfb4-6e27a6845c7d",
	"225b3597-bcef-452d-87dc-1bbbe73e7b9c");
INSERT INTO V_VAL
	VALUES ("eac85bce-ba35-473d-8fb8-b226c31c5ddf",
	0,
	0,
	37,
	19,
	30,
	0,
	0,
	0,
	0,
	"ba5eda7a-def5-0000-0000-000000000002",
	"1f1745fe-728b-43e8-a988-4ffe71041c30");
INSERT INTO V_BIN
	VALUES ("eac85bce-ba35-473d-8fb8-b226c31c5ddf",
	"f96f0414-3594-4941-a6c1-9ed6c7d7d777",
	"7ec7068c-d4fa-4810-8788-dda432611be2",
	'+');
INSERT INTO V_VAL
	VALUES ("f96f0414-3594-4941-a6c1-9ed6c7d7d777",
	0,
	0,
	37,
	30,
	30,
	0,
	0,
	0,
	0,
	"ba5eda7a-def5-0000-0000-000000000002",
	"1f1745fe-728b-43e8-a988-4ffe71041c30");
INSERT INTO V_LIN
	VALUES ("f96f0414-3594-4941-a6c1-9ed6c7d7d777",
	'1');
INSERT INTO ACT_BLK
	VALUES ("a30b0272-ae6f-402e-8049-6d0e99fd552c",
	0,
	0,
	0,
	'',
	'',
	'',
	33,
	3,
	0,
	0,
	0,
	0,
	0,
	0,
	0,
	0,
	0,
	0,
	0,
	"39113b78-6b02-4c83-9f5f-864cb47093e1",
	"00000000-0000-0000-0000-000000000000");
INSERT INTO ACT_SMT
	VALUES ("458388d5-dad2-4954-bbb1-498ad2e7bdb1",
	"a30b0272-ae6f-402e-8049-6d0e99fd552c",
	"00000000-0000-0000-0000-000000000000",
	33,
	3,
	'Controller::go line: 33');
INSERT INTO ACT_AI
	VALUES ("458388d5-dad2-4954-bbb1-498ad2e7bdb1",
	"64b2dceb-7511-4a59-80a1-5a80240bbd33",
	"c2ced413-6bfc-4c2a-903c-13572c7b81cd",
	0,
	0);
INSERT INTO V_VAL
	VALUES ("e866516d-80eb-4847-8a63-c7f573bf47ca",
	1,
	0,
	33,
	3,
	4,
	0,
	0,
	0,
	0,
	"ba5eda7a-def5-0000-0000-000000000008",
	"a30b0272-ae6f-402e-8049-6d0e99fd552c");
INSERT INTO V_IRF
	VALUES ("e866516d-80eb-4847-8a63-c7f573bf47ca",
	"22186d64-ddd6-4e93-b568-5a7e6becd1e1");
INSERT INTO V_VAL
	VALUES ("c2ced413-6bfc-4c2a-903c-13572c7b81cd",
	1,
	0,
	33,
	6,
	6,
	0,
	0,
	0,
	0,
	"ba5eda7a-def5-0000-0000-000000000003",
	"a30b0272-ae6f-402e-8049-6d0e99fd552c");
INSERT INTO V_AVL
	VALUES ("c2ced413-6bfc-4c2a-903c-13572c7b81cd",
	"e866516d-80eb-4847-8a63-c7f573bf47ca",
	"f4b02d30-b69f-40e7-bfb4-6e27a6845c7d",
	"26890257-b0dd-4ef0-a028-47a1b69664ca");
INSERT INTO V_VAL
	VALUES ("64b2dceb-7511-4a59-80a1-5a80240bbd33",
	0,
	0,
	33,
	10,
	10,
	0,
	0,
	0,
	0,
	"ba5eda7a-def5-0000-0000-000000000002",
	"a30b0272-ae6f-402e-8049-6d0e99fd552c");
INSERT INTO V_LIN
	VALUES ("64b2dceb-7511-4a59-80a1-5a80240bbd33",
	'1');
INSERT INTO ACT_BLK
	VALUES ("6b5b4831-1ebc-4ba0-a494-178326e8bb61",
	0,
	0,
	0,
	'',
	'',
	'',
	35,
	3,
	0,
	0,
	0,
	0,
	0,
	0,
	0,
	0,
	0,
	0,
	0,
	"39113b78-6b02-4c83-9f5f-864cb47093e1",
	"00000000-0000-0000-0000-000000000000");
INSERT INTO ACT_SMT
	VALUES ("f6f0bcc5-4ddb-4e65-8812-8894eb21af04",
	"6b5b4831-1ebc-4ba0-a494-178326e8bb61",
	"00000000-0000-0000-0000-000000000000",
	35,
	3,
	'Controller::go line: 35');
INSERT INTO ACT_AI
	VALUES ("f6f0bcc5-4ddb-4e65-8812-8894eb21af04",
	"ab07eba4-f95a-44b1-a5fb-0a4238a4b37c",
	"b99c4b09-5b32-48af-a7fd-469847370481",
	0,
	0);
INSERT INTO V_VAL
	VALUES ("29faf5cb-bf4e-400f-a580-2ed1a856475a",
	1,
	0,
	35,
	3,
	4,
	0,
	0,
	0,
	0,
	"ba5eda7a-def5-0000-0000-000000000008",
	"6b5b4831-1ebc-4ba0-a494-178326e8bb61");
INSERT INTO V_IRF
	VALUES ("29faf5cb-bf4e-400f-a580-2ed1a856475a",
	"22186d64-ddd6-4e93-b568-5a7e6becd1e1");
INSERT INTO V_VAL
	VALUES ("b99c4b09-5b32-48af-a7fd-469847370481",
	1,
	0,
	35,
	6,
	6,
	0,
	0,
	0,
	0,
	"ba5eda7a-def5-0000-0000-000000000003",
	"6b5b4831-1ebc-4ba0-a494-178326e8bb61");
INSERT INTO V_AVL
	VALUES ("b99c4b09-5b32-48af-a7fd-469847370481",
	"29faf5cb-bf4e-400f-a580-2ed1a856475a",
	"f4b02d30-b69f-40e7-bfb4-6e27a6845c7d",
	"26890257-b0dd-4ef0-a028-47a1b69664ca");
INSERT INTO V_VAL
	VALUES ("26b9af1f-22a8-4c66-8166-5843c9640851",
	0,
	0,
	35,
	10,
	11,
	0,
	0,
	0,
	0,
	"ba5eda7a-def5-0000-0000-000000000008",
	"6b5b4831-1ebc-4ba0-a494-178326e8bb61");
INSERT INTO V_IRF
	VALUES ("26b9af1f-22a8-4c66-8166-5843c9640851",
	"22186d64-ddd6-4e93-b568-5a7e6becd1e1");
INSERT INTO V_VAL
	VALUES ("b85dc5c4-f6d7-4f78-ab9b-550109e6664e",
	0,
	0,
	35,
	13,
	13,
	0,
	0,
	0,
	0,
	"ba5eda7a-def5-0000-0000-000000000003",
	"6b5b4831-1ebc-4ba0-a494-178326e8bb61");
INSERT INTO V_AVL
	VALUES ("b85dc5c4-f6d7-4f78-ab9b-550109e6664e",
	"26b9af1f-22a8-4c66-8166-5843c9640851",
	"f4b02d30-b69f-40e7-bfb4-6e27a6845c7d",
	"26890257-b0dd-4ef0-a028-47a1b69664ca");
INSERT INTO V_VAL
	VALUES ("ab07eba4-f95a-44b1-a5fb-0a4238a4b37c",
	0,
	0,
	35,
	13,
	17,
	0,
	0,
	0,
	0,
	"ba5eda7a-def5-0000-0000-000000000003",
	"6b5b4831-1ebc-4ba0-a494-178326e8bb61");
INSERT INTO V_BIN
	VALUES ("ab07eba4-f95a-44b1-a5fb-0a4238a4b37c",
	"60c4182b-3db8-44a2-985d-16a216bce287",
	"b85dc5c4-f6d7-4f78-ab9b-550109e6664e",
	'-');
INSERT INTO V_VAL
	VALUES ("60c4182b-3db8-44a2-985d-16a216bce287",
	0,
	0,
	35,
	17,
	17,
	0,
	0,
	0,
	0,
	"ba5eda7a-def5-0000-0000-000000000002",
	"6b5b4831-1ebc-4ba0-a494-178326e8bb61");
INSERT INTO V_LIN
	VALUES ("60c4182b-3db8-44a2-985d-16a216bce287",
	'2');
INSERT INTO ACT_BLK
	VALUES ("f2cc4f0d-1f6c-4b65-ba8a-e3a564f8dbc5",
	0,
	0,
	0,
	'',
	'',
	'',
	39,
	2,
	0,
	0,
	0,
	0,
	0,
	0,
	0,
	0,
	0,
	0,
	0,
	"39113b78-6b02-4c83-9f5f-864cb47093e1",
	"00000000-0000-0000-0000-000000000000");
INSERT INTO ACT_SMT
	VALUES ("55a80d36-bf7c-457c-b38e-513bd4376d24",
	"f2cc4f0d-1f6c-4b65-ba8a-e3a564f8dbc5",
	"00000000-0000-0000-0000-000000000000",
	39,
	2,
	'Controller::go line: 39');
INSERT INTO ACT_AI
	VALUES ("55a80d36-bf7c-457c-b38e-513bd4376d24",
	"146e3479-d7ba-431a-967e-8da2c1a87bb7",
	"9f1267d2-2220-4215-8be5-22f5e441e54d",
	0,
	0);
INSERT INTO V_VAL
	VALUES ("caab95e4-63ca-48c0-9661-19488bb5e7a4",
	1,
	0,
	39,
	2,
	3,
	0,
	0,
	0,
	0,
	"ba5eda7a-def5-0000-0000-000000000008",
	"f2cc4f0d-1f6c-4b65-ba8a-e3a564f8dbc5");
INSERT INTO V_IRF
	VALUES ("caab95e4-63ca-48c0-9661-19488bb5e7a4",
	"22186d64-ddd6-4e93-b568-5a7e6becd1e1");
INSERT INTO V_VAL
	VALUES ("9f1267d2-2220-4215-8be5-22f5e441e54d",
	1,
	0,
	39,
	5,
	12,
	0,
	0,
	0,
	0,
	"ba5eda7a-def5-0000-0000-000000000002",
	"f2cc4f0d-1f6c-4b65-ba8a-e3a564f8dbc5");
INSERT INTO V_AVL
	VALUES ("9f1267d2-2220-4215-8be5-22f5e441e54d",
	"caab95e4-63ca-48c0-9661-19488bb5e7a4",
	"f4b02d30-b69f-40e7-bfb4-6e27a6845c7d",
	"225b3597-bcef-452d-87dc-1bbbe73e7b9c");
INSERT INTO V_VAL
	VALUES ("071994cc-64a1-41d9-a191-126800553d6c",
	0,
	0,
	39,
	16,
	17,
	0,
	0,
	0,
	0,
	"ba5eda7a-def5-0000-0000-000000000008",
	"f2cc4f0d-1f6c-4b65-ba8a-e3a564f8dbc5");
INSERT INTO V_IRF
	VALUES ("071994cc-64a1-41d9-a191-126800553d6c",
	"22186d64-ddd6-4e93-b568-5a7e6becd1e1");
INSERT INTO V_VAL
	VALUES ("7f323503-e006-483b-a00f-abe4cc25d19b",
	0,
	0,
	39,
	19,
	26,
	0,
	0,
	0,
	0,
	"ba5eda7a-def5-0000-0000-000000000002",
	"f2cc4f0d-1f6c-4b65-ba8a-e3a564f8dbc5");
INSERT INTO V_AVL
	VALUES ("7f323503-e006-483b-a00f-abe4cc25d19b",
	"071994cc-64a1-41d9-a191-126800553d6c",
	"f4b02d30-b69f-40e7-bfb4-6e27a6845c7d",
	"225b3597-bcef-452d-87dc-1bbbe73e7b9c");
INSERT INTO V_VAL
	VALUES ("146e3479-d7ba-431a-967e-8da2c1a87bb7",
	0,
	0,
	39,
	19,
	30,
	0,
	0,
	0,
	0,
	"ba5eda7a-def5-0000-0000-000000000002",
	"f2cc4f0d-1f6c-4b65-ba8a-e3a564f8dbc5");
INSERT INTO V_BIN
	VALUES ("146e3479-d7ba-431a-967e-8da2c1a87bb7",
	"49cf3816-28a7-4082-ba8b-35604e1c6fc2",
	"7f323503-e006-483b-a00f-abe4cc25d19b",
	'+');
INSERT INTO V_VAL
	VALUES ("49cf3816-28a7-4082-ba8b-35604e1c6fc2",
	0,
	0,
	39,
	30,
	30,
	0,
	0,
	0,
	0,
	"ba5eda7a-def5-0000-0000-000000000002",
	"f2cc4f0d-1f6c-4b65-ba8a-e3a564f8dbc5");
INSERT INTO V_LIN
	VALUES ("49cf3816-28a7-4082-ba8b-35604e1c6fc2",
	'1');
INSERT INTO SM_STATE
	VALUES ("645b6191-434f-45c5-9a70-8d3d79fb7670",
	"c0c74364-95af-42df-a665-9e2fd1a7f507",
	"00000000-0000-0000-0000-000000000000",
	'land',
	4,
	0);
INSERT INTO SM_CH
	VALUES ("645b6191-434f-45c5-9a70-8d3d79fb7670",
	"26caf769-2f00-4ee1-8664-83ff862aa1c5",
	"c0c74364-95af-42df-a665-9e2fd1a7f507",
	"00000000-0000-0000-0000-000000000000",
	'');
INSERT INTO SM_SEME
	VALUES ("645b6191-434f-45c5-9a70-8d3d79fb7670",
	"26caf769-2f00-4ee1-8664-83ff862aa1c5",
	"c0c74364-95af-42df-a665-9e2fd1a7f507",
	"00000000-0000-0000-0000-000000000000");
INSERT INTO SM_CH
	VALUES ("645b6191-434f-45c5-9a70-8d3d79fb7670",
	"b8dcfa69-53b7-440a-8ceb-a235f197459c",
	"c0c74364-95af-42df-a665-9e2fd1a7f507",
	"00000000-0000-0000-0000-000000000000",
	'');
INSERT INTO SM_SEME
	VALUES ("645b6191-434f-45c5-9a70-8d3d79fb7670",
	"b8dcfa69-53b7-440a-8ceb-a235f197459c",
	"c0c74364-95af-42df-a665-9e2fd1a7f507",
	"00000000-0000-0000-0000-000000000000");
INSERT INTO SM_CH
	VALUES ("645b6191-434f-45c5-9a70-8d3d79fb7670",
	"99a68282-9ed9-4456-b5d6-b59430557c5b",
	"c0c74364-95af-42df-a665-9e2fd1a7f507",
	"00000000-0000-0000-0000-000000000000",
	'');
INSERT INTO SM_SEME
	VALUES ("645b6191-434f-45c5-9a70-8d3d79fb7670",
	"99a68282-9ed9-4456-b5d6-b59430557c5b",
	"c0c74364-95af-42df-a665-9e2fd1a7f507",
	"00000000-0000-0000-0000-000000000000");
INSERT INTO SM_MOAH
	VALUES ("a8567bf3-3b95-4790-aea0-cebfab48ace6",
	"c0c74364-95af-42df-a665-9e2fd1a7f507",
	"645b6191-434f-45c5-9a70-8d3d79fb7670");
INSERT INTO SM_AH
	VALUES ("a8567bf3-3b95-4790-aea0-cebfab48ace6",
	"c0c74364-95af-42df-a665-9e2fd1a7f507");
INSERT INTO SM_ACT
	VALUES ("a8567bf3-3b95-4790-aea0-cebfab48ace6",
	"c0c74364-95af-42df-a665-9e2fd1a7f507",
	1,
	'Port1::land();
Port1::set_heading( heading:0 );',
	'',
	0);
INSERT INTO ACT_SAB
	VALUES ("9237b043-2ab3-4c6f-bfc6-7296aa9691f9",
	"c0c74364-95af-42df-a665-9e2fd1a7f507",
	"a8567bf3-3b95-4790-aea0-cebfab48ace6");
INSERT INTO ACT_ACT
	VALUES ("9237b043-2ab3-4c6f-bfc6-7296aa9691f9",
	'state',
	0,
	"9dffcd03-0b56-482e-8da8-e7c38581d2dd",
	"00000000-0000-0000-0000-000000000000",
	0,
	'Controller::land',
	"00000000-0000-0000-0000-000000000000");
INSERT INTO ACT_BLK
	VALUES ("9dffcd03-0b56-482e-8da8-e7c38581d2dd",
	0,
	0,
	0,
	'Port1',
	'',
	'',
	2,
	1,
	2,
	1,
	0,
	0,
	0,
	0,
	0,
	0,
	0,
	0,
	0,
	"9237b043-2ab3-4c6f-bfc6-7296aa9691f9",
	"00000000-0000-0000-0000-000000000000");
INSERT INTO ACT_SMT
	VALUES ("e1803a9f-0110-436f-9c05-24921353bd92",
	"9dffcd03-0b56-482e-8da8-e7c38581d2dd",
	"b9b2b243-3432-4892-9a98-3472a2febc1f",
	1,
	1,
	'Controller::land line: 1');
INSERT INTO ACT_IOP
	VALUES ("e1803a9f-0110-436f-9c05-24921353bd92",
	1,
	8,
	1,
	1,
	"00000000-0000-0000-0000-000000000000",
	"ea4468fa-4b20-4012-8e54-d298c549ee90",
	"00000000-0000-0000-0000-000000000000");
INSERT INTO ACT_SMT
	VALUES ("b9b2b243-3432-4892-9a98-3472a2febc1f",
	"9dffcd03-0b56-482e-8da8-e7c38581d2dd",
	"00000000-0000-0000-0000-000000000000",
	2,
	1,
	'Controller::land line: 2');
INSERT INTO ACT_IOP
	VALUES ("b9b2b243-3432-4892-9a98-3472a2febc1f",
	2,
	8,
	2,
	1,
	"00000000-0000-0000-0000-000000000000",
	"55afac66-d149-4d24-9466-0c4a6f48dcf5",
	"00000000-0000-0000-0000-000000000000");
INSERT INTO V_VAL
	VALUES ("86d0e479-0cc8-4c9e-9d04-2ea3b3c743b5",
	0,
	0,
	2,
	29,
	29,
	0,
	0,
	0,
	0,
	"ba5eda7a-def5-0000-0000-000000000002",
	"9dffcd03-0b56-482e-8da8-e7c38581d2dd");
INSERT INTO V_LIN
	VALUES ("86d0e479-0cc8-4c9e-9d04-2ea3b3c743b5",
	'0');
INSERT INTO V_PAR
	VALUES ("86d0e479-0cc8-4c9e-9d04-2ea3b3c743b5",
	"b9b2b243-3432-4892-9a98-3472a2febc1f",
	"00000000-0000-0000-0000-000000000000",
	'heading',
	"00000000-0000-0000-0000-000000000000",
	2,
	21);
INSERT INTO SM_STATE
	VALUES ("99e34db3-adb4-4a46-aacf-974f9ca8d301",
	"c0c74364-95af-42df-a665-9e2fd1a7f507",
	"00000000-0000-0000-0000-000000000000",
	'go_home',
	5,
	0);
INSERT INTO SM_CH
	VALUES ("99e34db3-adb4-4a46-aacf-974f9ca8d301",
	"26caf769-2f00-4ee1-8664-83ff862aa1c5",
	"c0c74364-95af-42df-a665-9e2fd1a7f507",
	"00000000-0000-0000-0000-000000000000",
	'');
INSERT INTO SM_SEME
	VALUES ("99e34db3-adb4-4a46-aacf-974f9ca8d301",
	"26caf769-2f00-4ee1-8664-83ff862aa1c5",
	"c0c74364-95af-42df-a665-9e2fd1a7f507",
	"00000000-0000-0000-0000-000000000000");
INSERT INTO SM_SEME
	VALUES ("99e34db3-adb4-4a46-aacf-974f9ca8d301",
	"b8dcfa69-53b7-440a-8ceb-a235f197459c",
	"c0c74364-95af-42df-a665-9e2fd1a7f507",
	"00000000-0000-0000-0000-000000000000");
INSERT INTO SM_CH
	VALUES ("99e34db3-adb4-4a46-aacf-974f9ca8d301",
	"99a68282-9ed9-4456-b5d6-b59430557c5b",
	"c0c74364-95af-42df-a665-9e2fd1a7f507",
	"00000000-0000-0000-0000-000000000000",
	'');
INSERT INTO SM_SEME
	VALUES ("99e34db3-adb4-4a46-aacf-974f9ca8d301",
	"99a68282-9ed9-4456-b5d6-b59430557c5b",
	"c0c74364-95af-42df-a665-9e2fd1a7f507",
	"00000000-0000-0000-0000-000000000000");
INSERT INTO SM_MOAH
	VALUES ("814fa4f4-2ae5-4421-b402-a09e8b06e359",
	"c0c74364-95af-42df-a665-9e2fd1a7f507",
	"99e34db3-adb4-4a46-aacf-974f9ca8d301");
INSERT INTO SM_AH
	VALUES ("814fa4f4-2ae5-4421-b402-a09e8b06e359",
	"c0c74364-95af-42df-a665-9e2fd1a7f507");
INSERT INTO SM_ACT
	VALUES ("814fa4f4-2ae5-4421-b402-a09e8b06e359",
	"c0c74364-95af-42df-a665-9e2fd1a7f507",
	1,
	'Port1::set_destination( x:0, y:0, z:1 );
Port1::set_heading( heading:0 );',
	'',
	0);
INSERT INTO ACT_SAB
	VALUES ("a0c3f2c4-81be-4978-9ee3-dd3e0a1327ca",
	"c0c74364-95af-42df-a665-9e2fd1a7f507",
	"814fa4f4-2ae5-4421-b402-a09e8b06e359");
INSERT INTO ACT_ACT
	VALUES ("a0c3f2c4-81be-4978-9ee3-dd3e0a1327ca",
	'state',
	0,
	"bccf8db9-8bd5-408a-8ed8-16c4cbae8d9e",
	"00000000-0000-0000-0000-000000000000",
	0,
	'Controller::go_home',
	"00000000-0000-0000-0000-000000000000");
INSERT INTO ACT_BLK
	VALUES ("bccf8db9-8bd5-408a-8ed8-16c4cbae8d9e",
	0,
	0,
	0,
	'Port1',
	'',
	'',
	2,
	1,
	2,
	1,
	0,
	0,
	0,
	0,
	0,
	0,
	0,
	0,
	0,
	"a0c3f2c4-81be-4978-9ee3-dd3e0a1327ca",
	"00000000-0000-0000-0000-000000000000");
INSERT INTO ACT_SMT
	VALUES ("afe2f49e-8b56-42d1-b771-d0e0b7605650",
	"bccf8db9-8bd5-408a-8ed8-16c4cbae8d9e",
	"98e53bdd-b898-476d-ba93-d86184106622",
	1,
	1,
	'Controller::go_home line: 1');
INSERT INTO ACT_IOP
	VALUES ("afe2f49e-8b56-42d1-b771-d0e0b7605650",
	1,
	8,
	1,
	1,
	"00000000-0000-0000-0000-000000000000",
	"0b7b0648-980a-4657-9783-453131e6af11",
	"00000000-0000-0000-0000-000000000000");
INSERT INTO ACT_SMT
	VALUES ("98e53bdd-b898-476d-ba93-d86184106622",
	"bccf8db9-8bd5-408a-8ed8-16c4cbae8d9e",
	"00000000-0000-0000-0000-000000000000",
	2,
	1,
	'Controller::go_home line: 2');
INSERT INTO ACT_IOP
	VALUES ("98e53bdd-b898-476d-ba93-d86184106622",
	2,
	8,
	2,
	1,
	"00000000-0000-0000-0000-000000000000",
	"55afac66-d149-4d24-9466-0c4a6f48dcf5",
	"00000000-0000-0000-0000-000000000000");
INSERT INTO V_VAL
	VALUES ("56d52826-a896-4325-b88d-61c445370ec3",
	0,
	0,
	1,
	27,
	27,
	0,
	0,
	0,
	0,
	"ba5eda7a-def5-0000-0000-000000000002",
	"bccf8db9-8bd5-408a-8ed8-16c4cbae8d9e");
INSERT INTO V_LIN
	VALUES ("56d52826-a896-4325-b88d-61c445370ec3",
	'0');
INSERT INTO V_PAR
	VALUES ("56d52826-a896-4325-b88d-61c445370ec3",
	"afe2f49e-8b56-42d1-b771-d0e0b7605650",
	"00000000-0000-0000-0000-000000000000",
	'x',
	"5c669f36-f59c-4ebd-b8c0-dec0075bc8f4",
	1,
	25);
INSERT INTO V_VAL
	VALUES ("5c669f36-f59c-4ebd-b8c0-dec0075bc8f4",
	0,
	0,
	1,
	32,
	32,
	0,
	0,
	0,
	0,
	"ba5eda7a-def5-0000-0000-000000000002",
	"bccf8db9-8bd5-408a-8ed8-16c4cbae8d9e");
INSERT INTO V_LIN
	VALUES ("5c669f36-f59c-4ebd-b8c0-dec0075bc8f4",
	'0');
INSERT INTO V_PAR
	VALUES ("5c669f36-f59c-4ebd-b8c0-dec0075bc8f4",
	"afe2f49e-8b56-42d1-b771-d0e0b7605650",
	"00000000-0000-0000-0000-000000000000",
	'y',
	"255b2f23-1ccd-456d-9efe-a81d3df9b3dc",
	1,
	30);
INSERT INTO V_VAL
	VALUES ("255b2f23-1ccd-456d-9efe-a81d3df9b3dc",
	0,
	0,
	1,
	37,
	37,
	0,
	0,
	0,
	0,
	"ba5eda7a-def5-0000-0000-000000000002",
	"bccf8db9-8bd5-408a-8ed8-16c4cbae8d9e");
INSERT INTO V_LIN
	VALUES ("255b2f23-1ccd-456d-9efe-a81d3df9b3dc",
	'1');
INSERT INTO V_PAR
	VALUES ("255b2f23-1ccd-456d-9efe-a81d3df9b3dc",
	"afe2f49e-8b56-42d1-b771-d0e0b7605650",
	"00000000-0000-0000-0000-000000000000",
	'z',
	"00000000-0000-0000-0000-000000000000",
	1,
	35);
INSERT INTO V_VAL
	VALUES ("b9f47c41-fa53-4207-afce-0c441d5f0a8e",
	0,
	0,
	2,
	29,
	29,
	0,
	0,
	0,
	0,
	"ba5eda7a-def5-0000-0000-000000000002",
	"bccf8db9-8bd5-408a-8ed8-16c4cbae8d9e");
INSERT INTO V_LIN
	VALUES ("b9f47c41-fa53-4207-afce-0c441d5f0a8e",
	'0');
INSERT INTO V_PAR
	VALUES ("b9f47c41-fa53-4207-afce-0c441d5f0a8e",
	"98e53bdd-b898-476d-ba93-d86184106622",
	"00000000-0000-0000-0000-000000000000",
	'heading',
	"00000000-0000-0000-0000-000000000000",
	2,
	21);
INSERT INTO SM_NSTXN
	VALUES ("bb8a57c8-cde9-4bcc-b95e-1a2f5595c2db",
	"c0c74364-95af-42df-a665-9e2fd1a7f507",
	"0efeecce-b72b-4964-b6d8-a8fa1fcd28fb",
	"b8dcfa69-53b7-440a-8ceb-a235f197459c",
	"00000000-0000-0000-0000-000000000000");
INSERT INTO SM_TAH
	VALUES ("7f89750f-2e92-4fcd-b930-b3d144ffd868",
	"c0c74364-95af-42df-a665-9e2fd1a7f507",
	"bb8a57c8-cde9-4bcc-b95e-1a2f5595c2db");
INSERT INTO SM_AH
	VALUES ("7f89750f-2e92-4fcd-b930-b3d144ffd868",
	"c0c74364-95af-42df-a665-9e2fd1a7f507");
INSERT INTO SM_ACT
	VALUES ("7f89750f-2e92-4fcd-b930-b3d144ffd868",
	"c0c74364-95af-42df-a665-9e2fd1a7f507",
	1,
	'',
	'',
	0);
INSERT INTO ACT_TAB
	VALUES ("9437b2ec-055c-4f17-8a8d-bc34f6cd52d4",
	"c0c74364-95af-42df-a665-9e2fd1a7f507",
	"7f89750f-2e92-4fcd-b930-b3d144ffd868");
INSERT INTO ACT_ACT
	VALUES ("9437b2ec-055c-4f17-8a8d-bc34f6cd52d4",
	'transition',
	0,
	"44075c38-d17f-4454-89f4-4fd82f59c08a",
	"00000000-0000-0000-0000-000000000000",
	0,
	'Controller2: ready',
	"00000000-0000-0000-0000-000000000000");
INSERT INTO ACT_BLK
	VALUES ("44075c38-d17f-4454-89f4-4fd82f59c08a",
	0,
	0,
	0,
	'',
	'',
	'',
	0,
	0,
	0,
	0,
	0,
	0,
	0,
	0,
	0,
	0,
	0,
	0,
	0,
	"9437b2ec-055c-4f17-8a8d-bc34f6cd52d4",
	"00000000-0000-0000-0000-000000000000");
INSERT INTO SM_TXN
	VALUES ("bb8a57c8-cde9-4bcc-b95e-1a2f5595c2db",
	"c0c74364-95af-42df-a665-9e2fd1a7f507",
	"7d2ef8b5-26f5-4438-aec4-92baaefee92e",
	"00000000-0000-0000-0000-000000000000");
INSERT INTO SM_NSTXN
	VALUES ("8ce58471-d69d-4610-a378-232ed811c53d",
	"c0c74364-95af-42df-a665-9e2fd1a7f507",
	"a5c79b00-2e82-440c-8cd6-eaa95f08520e",
	"26caf769-2f00-4ee1-8664-83ff862aa1c5",
	"00000000-0000-0000-0000-000000000000");
INSERT INTO SM_TAH
	VALUES ("77c93213-0df8-4471-951d-9a572ef147cf",
	"c0c74364-95af-42df-a665-9e2fd1a7f507",
	"8ce58471-d69d-4610-a378-232ed811c53d");
INSERT INTO SM_AH
	VALUES ("77c93213-0df8-4471-951d-9a572ef147cf",
	"c0c74364-95af-42df-a665-9e2fd1a7f507");
INSERT INTO SM_ACT
	VALUES ("77c93213-0df8-4471-951d-9a572ef147cf",
	"c0c74364-95af-42df-a665-9e2fd1a7f507",
	1,
	'',
	'',
	0);
INSERT INTO ACT_TAB
	VALUES ("7a9a780a-b019-4ce3-96cd-0e71dfac8ed4",
	"c0c74364-95af-42df-a665-9e2fd1a7f507",
	"77c93213-0df8-4471-951d-9a572ef147cf");
INSERT INTO ACT_ACT
	VALUES ("7a9a780a-b019-4ce3-96cd-0e71dfac8ed4",
	'transition',
	0,
	"c6e92192-3b37-44d0-807a-a3d9ab58e767",
	"00000000-0000-0000-0000-000000000000",
	0,
	'Controller1: start',
	"00000000-0000-0000-0000-000000000000");
INSERT INTO ACT_BLK
	VALUES ("c6e92192-3b37-44d0-807a-a3d9ab58e767",
	0,
	0,
	0,
	'',
	'',
	'',
	0,
	0,
	0,
	0,
	0,
	0,
	0,
	0,
	0,
	0,
	0,
	0,
	0,
	"7a9a780a-b019-4ce3-96cd-0e71dfac8ed4",
	"00000000-0000-0000-0000-000000000000");
INSERT INTO SM_TXN
	VALUES ("8ce58471-d69d-4610-a378-232ed811c53d",
	"c0c74364-95af-42df-a665-9e2fd1a7f507",
	"0efeecce-b72b-4964-b6d8-a8fa1fcd28fb",
	"00000000-0000-0000-0000-000000000000");
INSERT INTO SM_NSTXN
	VALUES ("c2f84b9c-482e-40c9-96dd-9d76a245df0d",
	"c0c74364-95af-42df-a665-9e2fd1a7f507",
	"0efeecce-b72b-4964-b6d8-a8fa1fcd28fb",
	"99a68282-9ed9-4456-b5d6-b59430557c5b",
	"00000000-0000-0000-0000-000000000000");
INSERT INTO SM_TAH
	VALUES ("3e7be67d-83bf-455c-96d8-bda2bb9b59b7",
	"c0c74364-95af-42df-a665-9e2fd1a7f507",
	"c2f84b9c-482e-40c9-96dd-9d76a245df0d");
INSERT INTO SM_AH
	VALUES ("3e7be67d-83bf-455c-96d8-bda2bb9b59b7",
	"c0c74364-95af-42df-a665-9e2fd1a7f507");
INSERT INTO SM_ACT
	VALUES ("3e7be67d-83bf-455c-96d8-bda2bb9b59b7",
	"c0c74364-95af-42df-a665-9e2fd1a7f507",
	1,
	'',
	'',
	0);
INSERT INTO ACT_TAB
	VALUES ("f0d0526d-5949-4ba3-a5de-6231162aa48b",
	"c0c74364-95af-42df-a665-9e2fd1a7f507",
	"3e7be67d-83bf-455c-96d8-bda2bb9b59b7");
INSERT INTO ACT_ACT
	VALUES ("f0d0526d-5949-4ba3-a5de-6231162aa48b",
	'transition',
	0,
	"b80d1b8a-0890-46e8-bc40-308ed50fbb09",
	"00000000-0000-0000-0000-000000000000",
	0,
	'Controller3: halt',
	"00000000-0000-0000-0000-000000000000");
INSERT INTO ACT_BLK
	VALUES ("b80d1b8a-0890-46e8-bc40-308ed50fbb09",
	0,
	0,
	0,
	'',
	'',
	'',
	0,
	0,
	0,
	0,
	0,
	0,
	0,
	0,
	0,
	0,
	0,
	0,
	0,
	"f0d0526d-5949-4ba3-a5de-6231162aa48b",
	"00000000-0000-0000-0000-000000000000");
INSERT INTO SM_TXN
	VALUES ("c2f84b9c-482e-40c9-96dd-9d76a245df0d",
	"c0c74364-95af-42df-a665-9e2fd1a7f507",
	"99e34db3-adb4-4a46-aacf-974f9ca8d301",
	"00000000-0000-0000-0000-000000000000");
INSERT INTO SM_NSTXN
	VALUES ("12c9d50c-d155-4adc-aff0-527c6efe2361",
	"c0c74364-95af-42df-a665-9e2fd1a7f507",
	"7d2ef8b5-26f5-4438-aec4-92baaefee92e",
	"99a68282-9ed9-4456-b5d6-b59430557c5b",
	"00000000-0000-0000-0000-000000000000");
INSERT INTO SM_TAH
	VALUES ("de27f8fb-a736-487b-8541-69c6fe3dac72",
	"c0c74364-95af-42df-a665-9e2fd1a7f507",
	"12c9d50c-d155-4adc-aff0-527c6efe2361");
INSERT INTO SM_AH
	VALUES ("de27f8fb-a736-487b-8541-69c6fe3dac72",
	"c0c74364-95af-42df-a665-9e2fd1a7f507");
INSERT INTO SM_ACT
	VALUES ("de27f8fb-a736-487b-8541-69c6fe3dac72",
	"c0c74364-95af-42df-a665-9e2fd1a7f507",
	1,
	'',
	'',
	0);
INSERT INTO ACT_TAB
	VALUES ("01a1fc91-5c5e-4d74-8292-31a18891627e",
	"c0c74364-95af-42df-a665-9e2fd1a7f507",
	"de27f8fb-a736-487b-8541-69c6fe3dac72");
INSERT INTO ACT_ACT
	VALUES ("01a1fc91-5c5e-4d74-8292-31a18891627e",
	'transition',
	0,
	"5ead8dea-75a6-4d2b-a9a7-84ed8414d76a",
	"00000000-0000-0000-0000-000000000000",
	0,
	'Controller3: halt',
	"00000000-0000-0000-0000-000000000000");
INSERT INTO ACT_BLK
	VALUES ("5ead8dea-75a6-4d2b-a9a7-84ed8414d76a",
	0,
	0,
	0,
	'',
	'',
	'',
	0,
	0,
	0,
	0,
	0,
	0,
	0,
	0,
	0,
	0,
	0,
	0,
	0,
	"01a1fc91-5c5e-4d74-8292-31a18891627e",
	"00000000-0000-0000-0000-000000000000");
INSERT INTO SM_TXN
	VALUES ("12c9d50c-d155-4adc-aff0-527c6efe2361",
	"c0c74364-95af-42df-a665-9e2fd1a7f507",
	"99e34db3-adb4-4a46-aacf-974f9ca8d301",
	"00000000-0000-0000-0000-000000000000");
INSERT INTO SM_NSTXN
	VALUES ("3918dca1-d19b-40bd-a35f-c93fdd522549",
	"c0c74364-95af-42df-a665-9e2fd1a7f507",
	"99e34db3-adb4-4a46-aacf-974f9ca8d301",
	"b8dcfa69-53b7-440a-8ceb-a235f197459c",
	"00000000-0000-0000-0000-000000000000");
INSERT INTO SM_TAH
	VALUES ("2827fa72-6d1b-4542-be0c-bea34bd3a99c",
	"c0c74364-95af-42df-a665-9e2fd1a7f507",
	"3918dca1-d19b-40bd-a35f-c93fdd522549");
INSERT INTO SM_AH
	VALUES ("2827fa72-6d1b-4542-be0c-bea34bd3a99c",
	"c0c74364-95af-42df-a665-9e2fd1a7f507");
INSERT INTO SM_ACT
	VALUES ("2827fa72-6d1b-4542-be0c-bea34bd3a99c",
	"c0c74364-95af-42df-a665-9e2fd1a7f507",
	1,
	'',
	'',
	0);
INSERT INTO ACT_TAB
	VALUES ("43f8048a-e9f1-4d50-90cf-c453861ea9f5",
	"c0c74364-95af-42df-a665-9e2fd1a7f507",
	"2827fa72-6d1b-4542-be0c-bea34bd3a99c");
INSERT INTO ACT_ACT
	VALUES ("43f8048a-e9f1-4d50-90cf-c453861ea9f5",
	'transition',
	0,
	"f0c7d981-80c4-433e-baa1-9a9771b08f1f",
	"00000000-0000-0000-0000-000000000000",
	0,
	'Controller2: ready',
	"00000000-0000-0000-0000-000000000000");
INSERT INTO ACT_BLK
	VALUES ("f0c7d981-80c4-433e-baa1-9a9771b08f1f",
	0,
	0,
	0,
	'',
	'',
	'',
	0,
	0,
	0,
	0,
	0,
	0,
	0,
	0,
	0,
	0,
	0,
	0,
	0,
	"43f8048a-e9f1-4d50-90cf-c453861ea9f5",
	"00000000-0000-0000-0000-000000000000");
INSERT INTO SM_TXN
	VALUES ("3918dca1-d19b-40bd-a35f-c93fdd522549",
	"c0c74364-95af-42df-a665-9e2fd1a7f507",
	"645b6191-434f-45c5-9a70-8d3d79fb7670",
	"00000000-0000-0000-0000-000000000000");
INSERT INTO SM_NSTXN
	VALUES ("81411d49-e2c2-4cb0-b81c-dae75c347786",
	"c0c74364-95af-42df-a665-9e2fd1a7f507",
	"7d2ef8b5-26f5-4438-aec4-92baaefee92e",
	"b8dcfa69-53b7-440a-8ceb-a235f197459c",
	"00000000-0000-0000-0000-000000000000");
INSERT INTO SM_TAH
	VALUES ("bc67c19d-29d8-4150-b59c-e779f9f53dd0",
	"c0c74364-95af-42df-a665-9e2fd1a7f507",
	"81411d49-e2c2-4cb0-b81c-dae75c347786");
INSERT INTO SM_AH
	VALUES ("bc67c19d-29d8-4150-b59c-e779f9f53dd0",
	"c0c74364-95af-42df-a665-9e2fd1a7f507");
INSERT INTO SM_ACT
	VALUES ("bc67c19d-29d8-4150-b59c-e779f9f53dd0",
	"c0c74364-95af-42df-a665-9e2fd1a7f507",
	1,
	'',
	'',
	0);
INSERT INTO ACT_TAB
	VALUES ("28e55814-2e1b-4bd9-a1f1-2441c2951204",
	"c0c74364-95af-42df-a665-9e2fd1a7f507",
	"bc67c19d-29d8-4150-b59c-e779f9f53dd0");
INSERT INTO ACT_ACT
	VALUES ("28e55814-2e1b-4bd9-a1f1-2441c2951204",
	'transition',
	0,
	"75a9b19a-8b28-4271-b685-e52d4e527ec5",
	"00000000-0000-0000-0000-000000000000",
	0,
	'Controller2: ready',
	"00000000-0000-0000-0000-000000000000");
INSERT INTO ACT_BLK
	VALUES ("75a9b19a-8b28-4271-b685-e52d4e527ec5",
	0,
	0,
	0,
	'',
	'',
	'',
	0,
	0,
	0,
	0,
	0,
	0,
	0,
	0,
	0,
	0,
	0,
	0,
	0,
	"28e55814-2e1b-4bd9-a1f1-2441c2951204",
	"00000000-0000-0000-0000-000000000000");
INSERT INTO SM_TXN
	VALUES ("81411d49-e2c2-4cb0-b81c-dae75c347786",
	"c0c74364-95af-42df-a665-9e2fd1a7f507",
	"7d2ef8b5-26f5-4438-aec4-92baaefee92e",
	"00000000-0000-0000-0000-000000000000");
INSERT INTO PE_PE
	VALUES ("f4b02d30-b69f-40e7-bfb4-6e27a6845c7d",
	1,
	"c7bc1f0d-acc5-45cd-afb5-da93bea1c897",
	"00000000-0000-0000-0000-000000000000",
	4);
INSERT INTO O_OBJ
	VALUES ("f4b02d30-b69f-40e7-bfb4-6e27a6845c7d",
	'Waypoint',
	2,
	'Waypoint',
	'',
	"00000000-0000-0000-0000-000000000000");
INSERT INTO O_NBATTR
	VALUES ("2b44d0b1-921d-4330-9410-83ff50c044f3",
	"f4b02d30-b69f-40e7-bfb4-6e27a6845c7d");
INSERT INTO O_BATTR
	VALUES ("2b44d0b1-921d-4330-9410-83ff50c044f3",
	"f4b02d30-b69f-40e7-bfb4-6e27a6845c7d");
INSERT INTO O_ATTR
	VALUES ("2b44d0b1-921d-4330-9410-83ff50c044f3",
	"f4b02d30-b69f-40e7-bfb4-6e27a6845c7d",
	"00000000-0000-0000-0000-000000000000",
	'x',
	'',
	'',
	'x',
	0,
	"ba5eda7a-def5-0000-0000-000000000003",
	'',
	'');
INSERT INTO O_NBATTR
	VALUES ("c6881453-1f0f-4744-9d2b-55653b78c94f",
	"f4b02d30-b69f-40e7-bfb4-6e27a6845c7d");
INSERT INTO O_BATTR
	VALUES ("c6881453-1f0f-4744-9d2b-55653b78c94f",
	"f4b02d30-b69f-40e7-bfb4-6e27a6845c7d");
INSERT INTO O_ATTR
	VALUES ("c6881453-1f0f-4744-9d2b-55653b78c94f",
	"f4b02d30-b69f-40e7-bfb4-6e27a6845c7d",
	"2b44d0b1-921d-4330-9410-83ff50c044f3",
	'y',
	'',
	'',
	'y',
	0,
	"ba5eda7a-def5-0000-0000-000000000003",
	'',
	'');
INSERT INTO O_NBATTR
	VALUES ("26890257-b0dd-4ef0-a028-47a1b69664ca",
	"f4b02d30-b69f-40e7-bfb4-6e27a6845c7d");
INSERT INTO O_BATTR
	VALUES ("26890257-b0dd-4ef0-a028-47a1b69664ca",
	"f4b02d30-b69f-40e7-bfb4-6e27a6845c7d");
INSERT INTO O_ATTR
	VALUES ("26890257-b0dd-4ef0-a028-47a1b69664ca",
	"f4b02d30-b69f-40e7-bfb4-6e27a6845c7d",
	"c6881453-1f0f-4744-9d2b-55653b78c94f",
	'z',
	'',
	'',
	'z',
	0,
	"ba5eda7a-def5-0000-0000-000000000003",
	'',
	'');
INSERT INTO O_NBATTR
	VALUES ("7711639f-a213-4bd9-99fe-419e53ee8d1c",
	"f4b02d30-b69f-40e7-bfb4-6e27a6845c7d");
INSERT INTO O_BATTR
	VALUES ("7711639f-a213-4bd9-99fe-419e53ee8d1c",
	"f4b02d30-b69f-40e7-bfb4-6e27a6845c7d");
INSERT INTO O_ATTR
	VALUES ("7711639f-a213-4bd9-99fe-419e53ee8d1c",
	"f4b02d30-b69f-40e7-bfb4-6e27a6845c7d",
	"26890257-b0dd-4ef0-a028-47a1b69664ca",
	'heading',
	'',
	'',
	'heading',
	0,
	"ba5eda7a-def5-0000-0000-000000000003",
	'',
	'');
INSERT INTO O_NBATTR
	VALUES ("225b3597-bcef-452d-87dc-1bbbe73e7b9c",
	"f4b02d30-b69f-40e7-bfb4-6e27a6845c7d");
INSERT INTO O_BATTR
	VALUES ("225b3597-bcef-452d-87dc-1bbbe73e7b9c",
	"f4b02d30-b69f-40e7-bfb4-6e27a6845c7d");
INSERT INTO O_ATTR
	VALUES ("225b3597-bcef-452d-87dc-1bbbe73e7b9c",
	"f4b02d30-b69f-40e7-bfb4-6e27a6845c7d",
	"7711639f-a213-4bd9-99fe-419e53ee8d1c",
	'counter1',
	'',
	'',
	'counter1',
	0,
	"ba5eda7a-def5-0000-0000-000000000002",
	'',
	'');
INSERT INTO O_NBATTR
	VALUES ("6a26ef28-ed14-4947-bb87-b0762499e9ad",
	"f4b02d30-b69f-40e7-bfb4-6e27a6845c7d");
INSERT INTO O_BATTR
	VALUES ("6a26ef28-ed14-4947-bb87-b0762499e9ad",
	"f4b02d30-b69f-40e7-bfb4-6e27a6845c7d");
INSERT INTO O_ATTR
	VALUES ("6a26ef28-ed14-4947-bb87-b0762499e9ad",
	"f4b02d30-b69f-40e7-bfb4-6e27a6845c7d",
	"225b3597-bcef-452d-87dc-1bbbe73e7b9c",
	'cal',
	'',
	'',
	'cal',
	0,
	"ba5eda7a-def5-0000-0000-000000000003",
	'',
	'');
INSERT INTO O_NBATTR
	VALUES ("57700259-0d3a-4611-bccd-8ab4598a3805",
	"f4b02d30-b69f-40e7-bfb4-6e27a6845c7d");
INSERT INTO O_BATTR
	VALUES ("57700259-0d3a-4611-bccd-8ab4598a3805",
	"f4b02d30-b69f-40e7-bfb4-6e27a6845c7d");
INSERT INTO O_ATTR
	VALUES ("57700259-0d3a-4611-bccd-8ab4598a3805",
	"f4b02d30-b69f-40e7-bfb4-6e27a6845c7d",
	"6a26ef28-ed14-4947-bb87-b0762499e9ad",
	'housex',
	'',
	'',
	'housex',
	0,
	"ba5eda7a-def5-0000-0000-000000000002",
	'',
	'');
INSERT INTO O_NBATTR
	VALUES ("a0f97620-79fc-4289-aa6b-cc22a1d1352e",
	"f4b02d30-b69f-40e7-bfb4-6e27a6845c7d");
INSERT INTO O_BATTR
	VALUES ("a0f97620-79fc-4289-aa6b-cc22a1d1352e",
	"f4b02d30-b69f-40e7-bfb4-6e27a6845c7d");
INSERT INTO O_ATTR
	VALUES ("a0f97620-79fc-4289-aa6b-cc22a1d1352e",
	"f4b02d30-b69f-40e7-bfb4-6e27a6845c7d",
	"57700259-0d3a-4611-bccd-8ab4598a3805",
	'housey',
	'',
	'',
	'housey',
	0,
	"ba5eda7a-def5-0000-0000-000000000002",
	'',
	'');
INSERT INTO O_NBATTR
	VALUES ("82fc5d70-d7b0-46a0-a754-2fa4d21f7377",
	"f4b02d30-b69f-40e7-bfb4-6e27a6845c7d");
INSERT INTO O_BATTR
	VALUES ("82fc5d70-d7b0-46a0-a754-2fa4d21f7377",
	"f4b02d30-b69f-40e7-bfb4-6e27a6845c7d");
INSERT INTO O_ATTR
	VALUES ("82fc5d70-d7b0-46a0-a754-2fa4d21f7377",
	"f4b02d30-b69f-40e7-bfb4-6e27a6845c7d",
	"a0f97620-79fc-4289-aa6b-cc22a1d1352e",
	'housez',
	'',
	'',
	'housez',
	0,
	"ba5eda7a-def5-0000-0000-000000000002",
	'',
	'');
INSERT INTO O_ID
	VALUES (0,
	"f4b02d30-b69f-40e7-bfb4-6e27a6845c7d");
INSERT INTO O_ID
	VALUES (1,
	"f4b02d30-b69f-40e7-bfb4-6e27a6845c7d");
INSERT INTO O_ID
	VALUES (2,
	"f4b02d30-b69f-40e7-bfb4-6e27a6845c7d");
INSERT INTO PE_PE
	VALUES ("5b0af38f-7394-426e-afb8-5f8ea5da4a81",
	1,
	"c7bc1f0d-acc5-45cd-afb5-da93bea1c897",
	"00000000-0000-0000-0000-000000000000",
	9);
INSERT INTO R_REL
	VALUES ("5b0af38f-7394-426e-afb8-5f8ea5da4a81",
	2,
	'',
	"00000000-0000-0000-0000-000000000000");
INSERT INTO R_SIMP
	VALUES ("5b0af38f-7394-426e-afb8-5f8ea5da4a81");
INSERT INTO R_PART
	VALUES ("f4b02d30-b69f-40e7-bfb4-6e27a6845c7d",
	"5b0af38f-7394-426e-afb8-5f8ea5da4a81",
	"f9045c1d-7d8b-4f7e-92a7-5ba76ca5f6bd",
	0,
	0,
	'follows');
INSERT INTO R_RTO
	VALUES ("f4b02d30-b69f-40e7-bfb4-6e27a6845c7d",
	"5b0af38f-7394-426e-afb8-5f8ea5da4a81",
	"f9045c1d-7d8b-4f7e-92a7-5ba76ca5f6bd",
	-1);
INSERT INTO R_OIR
	VALUES ("f4b02d30-b69f-40e7-bfb4-6e27a6845c7d",
	"5b0af38f-7394-426e-afb8-5f8ea5da4a81",
	"f9045c1d-7d8b-4f7e-92a7-5ba76ca5f6bd",
	"00000000-0000-0000-0000-000000000000");
INSERT INTO R_PART
	VALUES ("f4b02d30-b69f-40e7-bfb4-6e27a6845c7d",
	"5b0af38f-7394-426e-afb8-5f8ea5da4a81",
	"9eca4f1d-07c6-4c94-9066-808874ea9a3c",
	0,
	1,
	'is followed by');
INSERT INTO R_RTO
	VALUES ("f4b02d30-b69f-40e7-bfb4-6e27a6845c7d",
	"5b0af38f-7394-426e-afb8-5f8ea5da4a81",
	"9eca4f1d-07c6-4c94-9066-808874ea9a3c",
	-1);
INSERT INTO R_OIR
	VALUES ("f4b02d30-b69f-40e7-bfb4-6e27a6845c7d",
	"5b0af38f-7394-426e-afb8-5f8ea5da4a81",
	"9eca4f1d-07c6-4c94-9066-808874ea9a3c",
	"00000000-0000-0000-0000-000000000000");
INSERT INTO PE_PE
	VALUES ("84aca6ec-a4d2-498a-aa06-207d7e62cc38",
	1,
	"c7bc1f0d-acc5-45cd-afb5-da93bea1c897",
	"00000000-0000-0000-0000-000000000000",
	9);
INSERT INTO R_REL
	VALUES ("84aca6ec-a4d2-498a-aa06-207d7e62cc38",
	1,
	'',
	"00000000-0000-0000-0000-000000000000");
INSERT INTO R_SIMP
	VALUES ("84aca6ec-a4d2-498a-aa06-207d7e62cc38");
INSERT INTO R_PART
	VALUES ("44c11680-c695-4cd0-8c5c-49bc06b14528",
	"84aca6ec-a4d2-498a-aa06-207d7e62cc38",
	"bd828d9c-846b-4c2b-915a-1d9c25822fb2",
	0,
	1,
	'');
INSERT INTO R_RTO
	VALUES ("44c11680-c695-4cd0-8c5c-49bc06b14528",
	"84aca6ec-a4d2-498a-aa06-207d7e62cc38",
	"bd828d9c-846b-4c2b-915a-1d9c25822fb2",
	-1);
INSERT INTO R_OIR
	VALUES ("44c11680-c695-4cd0-8c5c-49bc06b14528",
	"84aca6ec-a4d2-498a-aa06-207d7e62cc38",
	"bd828d9c-846b-4c2b-915a-1d9c25822fb2",
	"00000000-0000-0000-0000-000000000000");
INSERT INTO R_PART
	VALUES ("f4b02d30-b69f-40e7-bfb4-6e27a6845c7d",
	"84aca6ec-a4d2-498a-aa06-207d7e62cc38",
	"9835aab2-9aac-4414-b415-c4eba75ae1ab",
	0,
	1,
	'begin with');
INSERT INTO R_RTO
	VALUES ("f4b02d30-b69f-40e7-bfb4-6e27a6845c7d",
	"84aca6ec-a4d2-498a-aa06-207d7e62cc38",
	"9835aab2-9aac-4414-b415-c4eba75ae1ab",
	-1);
INSERT INTO R_OIR
	VALUES ("f4b02d30-b69f-40e7-bfb4-6e27a6845c7d",
	"84aca6ec-a4d2-498a-aa06-207d7e62cc38",
	"9835aab2-9aac-4414-b415-c4eba75ae1ab",
	"00000000-0000-0000-0000-000000000000");
INSERT INTO PE_PE
	VALUES ("9841cfd9-f67c-42ae-8a47-536937150771",
	1,
	"c7bc1f0d-acc5-45cd-afb5-da93bea1c897",
	"00000000-0000-0000-0000-000000000000",
	9);
INSERT INTO R_REL
	VALUES ("9841cfd9-f67c-42ae-8a47-536937150771",
	3,
	'',
	"00000000-0000-0000-0000-000000000000");
INSERT INTO R_SIMP
	VALUES ("9841cfd9-f67c-42ae-8a47-536937150771");
INSERT INTO R_PART
	VALUES ("44c11680-c695-4cd0-8c5c-49bc06b14528",
	"9841cfd9-f67c-42ae-8a47-536937150771",
	"784fe93e-c328-4fe5-8a41-3ec15eac2a8f",
	0,
	1,
	'');
INSERT INTO R_RTO
	VALUES ("44c11680-c695-4cd0-8c5c-49bc06b14528",
	"9841cfd9-f67c-42ae-8a47-536937150771",
	"784fe93e-c328-4fe5-8a41-3ec15eac2a8f",
	-1);
INSERT INTO R_OIR
	VALUES ("44c11680-c695-4cd0-8c5c-49bc06b14528",
	"9841cfd9-f67c-42ae-8a47-536937150771",
	"784fe93e-c328-4fe5-8a41-3ec15eac2a8f",
	"00000000-0000-0000-0000-000000000000");
INSERT INTO R_PART
	VALUES ("f4b02d30-b69f-40e7-bfb4-6e27a6845c7d",
	"9841cfd9-f67c-42ae-8a47-536937150771",
	"8f358e70-5a39-437c-bed6-4566fcc0ed7f",
	0,
	1,
	'is flying to');
INSERT INTO R_RTO
	VALUES ("f4b02d30-b69f-40e7-bfb4-6e27a6845c7d",
	"9841cfd9-f67c-42ae-8a47-536937150771",
	"8f358e70-5a39-437c-bed6-4566fcc0ed7f",
	-1);
INSERT INTO R_OIR
	VALUES ("f4b02d30-b69f-40e7-bfb4-6e27a6845c7d",
	"9841cfd9-f67c-42ae-8a47-536937150771",
	"8f358e70-5a39-437c-bed6-4566fcc0ed7f",
	"00000000-0000-0000-0000-000000000000");
INSERT INTO EP_PKG
	VALUES ("0a660bb5-dd76-44f4-9dea-3657b7b31a56",
	"d923df31-2d4f-4454-ba3a-3347665a758b",
	"d923df31-2d4f-4454-ba3a-3347665a758b",
	'System',
	'',
	0);
INSERT INTO PE_PE
	VALUES ("e2fb02b0-82c3-4b4a-bff8-10cc058eb3c1",
	1,
	"0a660bb5-dd76-44f4-9dea-3657b7b31a56",
	"00000000-0000-0000-0000-000000000000",
	21);
INSERT INTO CL_IC
	VALUES ("e2fb02b0-82c3-4b4a-bff8-10cc058eb3c1",
	"8564596e-96e2-44e8-b970-aaa1a7d3b8bc",
	"00000000-0000-0000-0000-000000000000",
	"00000000-0000-0000-0000-000000000000",
	0,
	'',
	'gnc::Library::MAV',
	'');
INSERT INTO CL_POR
	VALUES ("e2fb02b0-82c3-4b4a-bff8-10cc058eb3c1",
	"9df3483a-ab97-4ee7-8415-9b4b161408e2",
	'Port1',
	"aee86548-4fdd-4e44-b3e9-ed3ff3e556ba");
INSERT INTO CL_IIR
	VALUES ("1c1a54c7-9002-4457-8eec-f2719fd785d0",
	"93221829-0135-489c-961a-9d42c4252036",
	"aee86548-4fdd-4e44-b3e9-ed3ff3e556ba",
	"00000000-0000-0000-0000-000000000000",
	'mavcontrol',
	'');
INSERT INTO CL_IP
	VALUES ("1c1a54c7-9002-4457-8eec-f2719fd785d0",
	'mavcontrol',
	'');
INSERT INTO CL_IPINS
	VALUES ("289ca3e9-52ea-4ef6-95f3-c1b9a693f732",
	"1c1a54c7-9002-4457-8eec-f2719fd785d0");
INSERT INTO PE_PE
	VALUES ("cffb1f34-17cc-4d13-a039-a12d622c8c8f",
	1,
	"0a660bb5-dd76-44f4-9dea-3657b7b31a56",
	"00000000-0000-0000-0000-000000000000",
	21);
INSERT INTO CL_IC
	VALUES ("cffb1f34-17cc-4d13-a039-a12d622c8c8f",
	"0d80503a-3f90-42a8-a2a9-2f52ccd4308f",
	"00000000-0000-0000-0000-000000000000",
	"00000000-0000-0000-0000-000000000000",
	0,
	'',
	'gnc::Library::Control',
	'');
INSERT INTO CL_POR
	VALUES ("cffb1f34-17cc-4d13-a039-a12d622c8c8f",
	"bada52a0-1256-430d-8579-634b9c323fea",
	'Port1',
	"ffde1b3d-54d8-47c5-b766-3430cfb4a967");
INSERT INTO CL_IIR
	VALUES ("94bdc6ef-8903-4e4c-9eeb-1fbfe06732ca",
	"33610dbc-6887-421d-81c6-740629675b3d",
	"ffde1b3d-54d8-47c5-b766-3430cfb4a967",
	"00000000-0000-0000-0000-000000000000",
	'mavcontrol',
	'');
INSERT INTO CL_IR
	VALUES ("94bdc6ef-8903-4e4c-9eeb-1fbfe06732ca",
	"289ca3e9-52ea-4ef6-95f3-c1b9a693f732",
	'mavcontrol',
	'');
INSERT INTO PE_PE
	VALUES ("289ca3e9-52ea-4ef6-95f3-c1b9a693f732",
	1,
	"0a660bb5-dd76-44f4-9dea-3657b7b31a56",
	"00000000-0000-0000-0000-000000000000",
	22);
INSERT INTO C_SF
	VALUES ("289ca3e9-52ea-4ef6-95f3-c1b9a693f732",
	"33610dbc-6887-421d-81c6-740629675b3d",
	"93221829-0135-489c-961a-9d42c4252036",
	'',
	'MAV::Port1::mavcontrol -o)- Control::Port1::mavcontrol');
INSERT INTO PE_PE
	VALUES ("ba5eda7a-def5-0000-0000-000000000000",
	1,
	"00000000-0000-0000-0000-000000000000",
	"00000000-0000-0000-0000-000000000000",
	3);
INSERT INTO S_DT
	VALUES ("ba5eda7a-def5-0000-0000-000000000000",
	"00000000-0000-0000-0000-000000000000",
	'void',
	'',
	'');
INSERT INTO S_CDT
	VALUES ("ba5eda7a-def5-0000-0000-000000000000",
	0);
INSERT INTO PE_PE
	VALUES ("ba5eda7a-def5-0000-0000-000000000001",
	1,
	"00000000-0000-0000-0000-000000000000",
	"00000000-0000-0000-0000-000000000000",
	3);
INSERT INTO S_DT
	VALUES ("ba5eda7a-def5-0000-0000-000000000001",
	"00000000-0000-0000-0000-000000000000",
	'boolean',
	'',
	'');
INSERT INTO S_CDT
	VALUES ("ba5eda7a-def5-0000-0000-000000000001",
	1);
INSERT INTO PE_PE
	VALUES ("ba5eda7a-def5-0000-0000-000000000002",
	1,
	"00000000-0000-0000-0000-000000000000",
	"00000000-0000-0000-0000-000000000000",
	3);
INSERT INTO S_DT
	VALUES ("ba5eda7a-def5-0000-0000-000000000002",
	"00000000-0000-0000-0000-000000000000",
	'integer',
	'',
	'');
INSERT INTO S_CDT
	VALUES ("ba5eda7a-def5-0000-0000-000000000002",
	2);
INSERT INTO PE_PE
	VALUES ("ba5eda7a-def5-0000-0000-000000000003",
	1,
	"00000000-0000-0000-0000-000000000000",
	"00000000-0000-0000-0000-000000000000",
	3);
INSERT INTO S_DT
	VALUES ("ba5eda7a-def5-0000-0000-000000000003",
	"00000000-0000-0000-0000-000000000000",
	'real',
	'',
	'');
INSERT INTO S_CDT
	VALUES ("ba5eda7a-def5-0000-0000-000000000003",
	3);
INSERT INTO PE_PE
	VALUES ("ba5eda7a-def5-0000-0000-000000000004",
	1,
	"00000000-0000-0000-0000-000000000000",
	"00000000-0000-0000-0000-000000000000",
	3);
INSERT INTO S_DT
	VALUES ("ba5eda7a-def5-0000-0000-000000000004",
	"00000000-0000-0000-0000-000000000000",
	'string',
	'',
	'');
INSERT INTO S_CDT
	VALUES ("ba5eda7a-def5-0000-0000-000000000004",
	4);
INSERT INTO PE_PE
	VALUES ("ba5eda7a-def5-0000-0000-000000000005",
	1,
	"00000000-0000-0000-0000-000000000000",
	"00000000-0000-0000-0000-000000000000",
	3);
INSERT INTO S_DT
	VALUES ("ba5eda7a-def5-0000-0000-000000000005",
	"00000000-0000-0000-0000-000000000000",
	'unique_id',
	'',
	'');
INSERT INTO S_CDT
	VALUES ("ba5eda7a-def5-0000-0000-000000000005",
	5);
INSERT INTO PE_PE
	VALUES ("ba5eda7a-def5-0000-0000-000000000006",
	1,
	"00000000-0000-0000-0000-000000000000",
	"00000000-0000-0000-0000-000000000000",
	3);
INSERT INTO S_DT
	VALUES ("ba5eda7a-def5-0000-0000-000000000006",
	"00000000-0000-0000-0000-000000000000",
	'state<State_Model>',
	'',
	'');
INSERT INTO S_CDT
	VALUES ("ba5eda7a-def5-0000-0000-000000000006",
	6);
INSERT INTO PE_PE
	VALUES ("ba5eda7a-def5-0000-0000-000000000007",
	1,
	"00000000-0000-0000-0000-000000000000",
	"00000000-0000-0000-0000-000000000000",
	3);
INSERT INTO S_DT
	VALUES ("ba5eda7a-def5-0000-0000-000000000007",
	"00000000-0000-0000-0000-000000000000",
	'same_as<Base_Attribute>',
	'',
	'');
INSERT INTO S_CDT
	VALUES ("ba5eda7a-def5-0000-0000-000000000007",
	7);
INSERT INTO PE_PE
	VALUES ("ba5eda7a-def5-0000-0000-000000000008",
	1,
	"00000000-0000-0000-0000-000000000000",
	"00000000-0000-0000-0000-000000000000",
	3);
INSERT INTO S_DT
	VALUES ("ba5eda7a-def5-0000-0000-000000000008",
	"00000000-0000-0000-0000-000000000000",
	'inst_ref<Object>',
	'',
	'');
INSERT INTO S_CDT
	VALUES ("ba5eda7a-def5-0000-0000-000000000008",
	8);
INSERT INTO PE_PE
	VALUES ("ba5eda7a-def5-0000-0000-000000000009",
	1,
	"00000000-0000-0000-0000-000000000000",
	"00000000-0000-0000-0000-000000000000",
	3);
INSERT INTO S_DT
	VALUES ("ba5eda7a-def5-0000-0000-000000000009",
	"00000000-0000-0000-0000-000000000000",
	'inst_ref_set<Object>',
	'',
	'');
INSERT INTO S_CDT
	VALUES ("ba5eda7a-def5-0000-0000-000000000009",
	9);
INSERT INTO PE_PE
	VALUES ("ba5eda7a-def5-0000-0000-00000000000a",
	1,
	"00000000-0000-0000-0000-000000000000",
	"00000000-0000-0000-0000-000000000000",
	3);
INSERT INTO S_DT
	VALUES ("ba5eda7a-def5-0000-0000-00000000000a",
	"00000000-0000-0000-0000-000000000000",
	'inst<Event>',
	'',
	'');
INSERT INTO S_CDT
	VALUES ("ba5eda7a-def5-0000-0000-00000000000a",
	10);
INSERT INTO PE_PE
	VALUES ("ba5eda7a-def5-0000-0000-00000000000b",
	1,
	"00000000-0000-0000-0000-000000000000",
	"00000000-0000-0000-0000-000000000000",
	3);
INSERT INTO S_DT
	VALUES ("ba5eda7a-def5-0000-0000-00000000000b",
	"00000000-0000-0000-0000-000000000000",
	'inst<Mapping>',
	'',
	'');
INSERT INTO S_CDT
	VALUES ("ba5eda7a-def5-0000-0000-00000000000b",
	11);
INSERT INTO PE_PE
	VALUES ("ba5eda7a-def5-0000-0000-00000000000c",
	1,
	"00000000-0000-0000-0000-000000000000",
	"00000000-0000-0000-0000-000000000000",
	3);
INSERT INTO S_DT
	VALUES ("ba5eda7a-def5-0000-0000-00000000000c",
	"00000000-0000-0000-0000-000000000000",
	'inst_ref<Mapping>',
	'',
	'');
INSERT INTO S_CDT
	VALUES ("ba5eda7a-def5-0000-0000-00000000000c",
	12);
INSERT INTO PE_PE
	VALUES ("ba5eda7a-def5-0000-0000-00000000000d",
	1,
	"00000000-0000-0000-0000-000000000000",
	"00000000-0000-0000-0000-000000000000",
	3);
INSERT INTO S_DT
	VALUES ("ba5eda7a-def5-0000-0000-00000000000d",
	"00000000-0000-0000-0000-000000000000",
	'component_ref',
	'',
	'');
INSERT INTO S_CDT
	VALUES ("ba5eda7a-def5-0000-0000-00000000000d",
	13);
INSERT INTO PE_PE
	VALUES ("ba5eda7a-def5-0000-0000-00000000000e",
	1,
	"00000000-0000-0000-0000-000000000000",
	"00000000-0000-0000-0000-000000000000",
	3);
INSERT INTO S_DT
	VALUES ("ba5eda7a-def5-0000-0000-00000000000e",
	"00000000-0000-0000-0000-000000000000",
	'date',
	'',
	'');
INSERT INTO S_UDT
	VALUES ("ba5eda7a-def5-0000-0000-00000000000e",
	"ba5eda7a-def5-0000-0000-00000000000b",
	1,
	'');
INSERT INTO PE_PE
	VALUES ("ba5eda7a-def5-0000-0000-00000000000f",
	1,
	"00000000-0000-0000-0000-000000000000",
	"00000000-0000-0000-0000-000000000000",
	3);
INSERT INTO S_DT
	VALUES ("ba5eda7a-def5-0000-0000-00000000000f",
	"00000000-0000-0000-0000-000000000000",
	'inst_ref<Timer>',
	'',
	'');
INSERT INTO S_UDT
	VALUES ("ba5eda7a-def5-0000-0000-00000000000f",
	"ba5eda7a-def5-0000-0000-00000000000c",
	3,
	'');
INSERT INTO PE_PE
	VALUES ("ba5eda7a-def5-0000-0000-000000000010",
	1,
	"00000000-0000-0000-0000-000000000000",
	"00000000-0000-0000-0000-000000000000",
	3);
INSERT INTO S_DT
	VALUES ("ba5eda7a-def5-0000-0000-000000000010",
	"00000000-0000-0000-0000-000000000000",
	'timestamp',
	'',
	'');
INSERT INTO S_UDT
	VALUES ("ba5eda7a-def5-0000-0000-000000000010",
	"ba5eda7a-def5-0000-0000-000000000002",
	2,
	'');
